photo_id,work_id,upload_date,geotag_lat,geotag_lon,phash
PH000001,W00001,2024-02-03,26.40318,84.50049,59e2d000271b61ad
PH000002,W00002,2024-09-23,27.77412,83.2847,e055995f46905e97
PH000003,W00003,2024-03-18,24.68919,85.22061,4858212351446d91
PH000004,W00004,2026-02-02,29.53811,86.15228,707d8eea476d20fd
PH000005,W00005,2023-10-30,17.00393,79.24749,30995eb4c2c595e1
PH000006,W00006,2026-04-19,17.20888,82.92023,0f321ce3df5a817c
PH000007,W00007,2025-03-21,24.79078,85.28686,502429f8e9a5e80f
PH000008,W00008,2025-05-29,27.35646,82.17679,53e077ccff9f95af
PH000009,W00009,2025-07-09,27.77128,83.29328,55fed316a206a9bf
PH000010,W00010,2026-05-22,27.45127,82.00444,5a1a11323b7d100c
PH000011,W00011,2025-01-21,22.12821,72.58536,44d54905a2de9cd8
PH000012,W00012,2025-09-28,16.3443,87.56767,b4a1af5b19493958
PH000013,W00014,2026-08-20,27.45867,81.99419,b8e9e1fe59681fa8
PH000014,W00015,2025-07-22,21.5904,75.76333,f33f5df80331de81
PH000015,W00016,2023-10-28,26.48962,77.52992,4fb8d3d20cfb9a93
PH000016,W00017,2024-03-19,23.18609,73.04797,104a74acda250f06
PH000017,W00018,2024-01-01,27.51736,81.96722,ee040a4b3cb6c6a6
PH000018,W00020,2024-06-20,16.79779,79.11518,746e94644b850a9a
PH000019,W00022,2024-05-20,17.25465,82.90908,0e70de1b51441f65
PH000020,W00023,2025-06-02,16.89778,79.19921,02d693164bf308c1
PH000021,W00024,2025-09-27,27.42874,82.08542,ac6fe9342a8245b3
PH000022,W00025,2026-05-05,27.50752,82.0528,643f4259225b44f4
PH000023,W00026,2024-03-22,16.35587,87.68072,26b854d2014c52b7
PH000024,W00027,2025-08-23,22.14827,72.78449,49328e26e2610109
PH000025,W00029,2025-06-14,27.29087,82.18431,d33cc8912f037631
PH000026,W00030,2025-06-18,27.40833,82.13404,1bb769cb3bc8a139
PH000027,W00031,2025-05-07,21.96339,72.71311,0553c290b498f63d
PH000028,W00032,2026-01-30,16.52174,87.55954,58cbba272cedba13
PH000029,W00033,2024-07-23,21.98663,72.64112,e98fdff6a071baf3
PH000030,W00035,2024-06-26,17.45736,83.0754,469b569063291134
PH000031,W00036,2025-03-06,23.31189,73.16548,5d4ede9b1615f6cc
PH000032,W00037,2025-06-26,17.2753,82.79243,e7477659cae12031
PH000033,W00038,2024-10-12,21.57106,75.67135,b8173791d8cf322a
PH000034,W00040,2025-04-18,27.29263,82.06173,567c60cf2240159d
PH000035,W00041,2024-03-06,16.5343,87.60915,ccb38a35ab815092
PH000036,W00042,2024-06-02,21.62743,75.772,bf312e190144c4f6
PH000037,W00043,2026-07-10,29.63408,86.32004,968ac256e8dd24d4
PH000038,W00045,2024-12-21,24.70566,85.30349,de39c4317b5c8df6
PH000039,W00047,2024-02-10,27.81818,83.12621,85abccb810181e4b
PH000040,W00048,2024-02-14,26.71013,78.95068,d5e83cb9eb43e59b
PH000041,W00049,2024-09-10,27.40339,82.17199,ab05dbe780ee46d0
PH000042,W00050,2023-11-15,26.29642,77.69454,842157dc1b5311a7
PH000043,W00052,2024-02-20,23.26237,72.89183,eeccc38c02b4e2e1
PH000044,W00053,2024-01-22,23.43685,73.05225,a88dc06649cf53c8
PH000045,W00054,2024-04-25,25.836170236579587,77.83311309326663,afca4f048f2304f2
PH000046,W00055,2024-12-05,21.75624,75.49223,c478002bf1b666cc
PH000047,W00057,2024-12-31,17.43154,82.89496,c8c4c52145e7b5ad
PH000048,W00058,2025-03-21,26.33505,77.67888,60c56a389bc2f687
PH000049,W00059,2025-10-17,23.19977,72.93106,a648bcca4110e28f
PH000050,W00061,2024-10-29,16.97696,79.15681,842098959dbe451f
PH000051,W00062,2025-07-10,29.55435,86.21952,099c6878d677bae1
PH000052,W00064,2024-09-04,23.35278,73.03147,f1955109b678b650
PH000053,W00065,2026-08-21,17.28632,83.00581,93b63e40e57a8cdd
PH000054,W00066,2024-11-17,17.28753,82.91149,14158eecc539a29a
PH000055,W00067,2025-10-20,20.45836,86.96054,9aa0d6e52a590953
PH000056,W00070,2025-07-13,16.9118,79.10705,58948bac4bec55a8
PH000057,W00071,2024-04-03,24.78632,85.1433,2f570d58355dc781
PH000058,W00072,2025-12-27,21.96561,72.82826,f227fd1f1cf82855
PH000059,W00073,2025-10-13,27.31688,82.16269,482ecb65ef76072e
PH000060,W00074,2026-08-09,27.3558,82.23689,136112877dea6a10
PH000061,W00075,2025-07-01,16.96378,79.15756,54406fbdb62e6942
PH000062,W00077,2026-05-05,29.68448,86.19855,9655b109172b58d1
PH000063,W00079,2024-12-24,27.41176,82.14359,f9e2473490235447
PH000064,W00080,2024-02-10,26.66999,75.10188,fc966865399bea4a
PH000065,W00081,2024-06-27,23.42989,72.9219,55cb6964ecf7e209
PH000066,W00082,2025-06-12,21.79915,75.54657,d2b108f77584224b
PH000067,W00083,2026-07-23,17.42938,82.97939,2d1736e91ba60456
PH000068,W00084,2025-03-02,29.7091,86.29502,00afb35f71d8e001
PH000069,W00085,2024-03-27,22.08544,72.80118,d387e3d629c8ca04
PH000070,W00086,2026-02-22,17.42963,82.80664,93ed3cf899f0cf19
PH000071,W00088,2025-07-05,24.58414,85.24061,cf0ef42f218b02da
PH000072,W00089,2026-01-03,23.22004,72.92066,4c2cc7410178277c
PH000073,W00090,2026-07-02,27.55789,82.21824,67378fae72d2d3d8
PH000074,W00091,2025-10-04,23.17651,72.88698,71fe40744c28f0c9
PH000075,W00092,2024-11-06,16.34523,87.61626,67c071276d0c12a3
PH000076,W00094,2024-04-26,27.7565,83.06872,093951902d3e8eae
PH000077,W00097,2024-05-12,23.46356,73.02096,082db714f096e37f
PH000078,W00098,2024-04-07,29.5862,86.24593,58385aac78a23841
PH000079,W00099,2026-05-17,17.30409,82.97599,8fe1500a41bf662e
PH000080,W00100,2025-04-09,17.33461,83.00722,0616fe556efb6781
PH000081,W00101,2025-11-09,26.39436,77.52569,2b1ceac3e5b4b936
PH000082,W00104,2025-05-29,16.55762,87.6427,2f911c119893a3da
PH000083,W00105,2024-05-09,26.52502,84.43225,1ae41de2d37896e4
PH000084,W00106,2024-03-19,20.54869,86.83424,c9ef999df508f02e
PH000085,W00108,2024-02-27,27.55234,81.96903,5a9ba71568ed48dc
PH000086,W00109,2026-06-14,24.5553,85.1733,68aa2a33a8c14361
PH000087,W00112,2025-02-10,29.43881,86.16675,77f45063ebce0fe1
PH000088,W00113,2026-03-14,23.32282,73.15062,8570b059842e02f8
PH000089,W00114,2024-03-20,27.8888,83.19587,07b7f5e28eb9e0ee
PH000090,W00116,2024-06-02,22.06632,72.5981,e707ea990c60e971
PH000091,W00117,2025-05-15,21.99377,72.69632,30fef5bbb3f39688
PH000092,W00118,2025-11-05,16.40793,87.4813,38cb0e393bd7d220
PH000093,W00119,2025-01-23,16.46191,87.65958,59a801377cd36970
PH000094,W00120,2025-07-03,21.72388,75.52217,46efdeafd394505e
PH000095,W00121,2024-06-14,26.61014,75.12353,876be970a38cfa7c
PH000096,W00122,2025-11-16,16.30196,87.62899,755f17f4eb8b0119
PH000097,W00123,2026-05-10,17.23636,82.88432,df3d36dc13c552cc
PH000098,W00124,2024-03-04,21.94145,72.66112,6a9b945727fb16c6
PH000099,W00125,2025-12-20,23.4404,73.10923,12857db1d20d5e3e
PH000100,W00126,2025-03-14,17.41285,82.81166,7d6595285803f2d7
PH000101,W00127,2026-01-15,26.45029,84.71148,cb8a8ee8910061d8
PH000102,W00128,2024-05-27,26.47216,77.72889,86412cf3e27dca8e
PH000103,W00129,2024-08-07,21.93277,72.83965,462963e361510937
PH000104,W00131,2024-10-23,26.44812,77.63112,bbfaad904c6aa016
PH000105,W00132,2026-05-05,21.971,72.83016,c39543c1cd4bab2f
PH000106,W00133,2024-01-21,27.35091,82.19485,4a78dc707154775d
PH000107,W00134,2024-09-20,17.23118,83.03303,db4f0b18d902b97e
PH000108,W00135,2025-05-29,21.92127,72.56791,9d3704dbf1bc5b53
PH000109,W00136,2026-02-12,27.39689,82.22178,dcf8692f4268a75a
PH000110,W00137,2026-04-13,29.56276,86.31641,dbcea33231f400e5
PH000111,W00139,2024-01-10,16.5233,87.5487,891743c135591ffd
PH000112,W00140,2024-03-31,23.41812,72.87294,a94b178f03f1a311
PH000113,W00141,2025-05-13,23.29105,73.15465,acd16a34a59feecf
PH000114,W00143,2023-11-08,21.91047,72.81611,4685f8e651a79450
PH000115,W00144,2024-08-12,17.21592,82.84055,43922c2ce487b925
PH000116,W00145,2024-04-29,22.03892,72.81444,574022cf2b076b06
PH000117,W00146,2023-10-11,21.89628,72.62378,4e9e9575bea8fc42
PH000118,W00147,2026-01-27,26.73418,75.23768,47c99c06a4bcf4f2
PH000119,W00148,2024-02-15,16.97492,79.2622,f47db945bf09121f
PH000120,W00149,2024-06-04,27.49244,82.09633,a926fc693e7978b0
PH000121,W00151,2026-09-02,27.335321421738733,76.36872758057983,4dfd081e53b4cbca
PH000122,W00155,2023-12-13,27.43596,82.11032,adea65493a042853
PH000123,W00156,2024-10-05,16.83914,79.2793,3c0e83ff9e1974d8
PH000124,W00157,2024-10-29,29.58256,86.14769,4e7d0b0d9fce64a8
PH000125,W00158,2025-04-04,23.22218,73.14143,08bd5b5cca10587f
PH000126,W00159,2025-10-28,17.24939,82.92194,cf8c0d9e9c3c1eab
PH000127,W00160,2024-10-03,27.44546,82.18814,9876ffac7358d5ec
PH000128,W00161,2024-06-20,21.63937,75.60792,33ee5f41b60e2c0b
PH000129,W00163,2023-11-04,24.67768,85.06064,9521419f29db5e16
PH000130,W00164,2025-02-01,16.37514,87.51163,0ccabc7e12a18ee9
PH000131,W00165,2025-07-18,23.35733,73.14654,0e46aef2840af5a7
PH000132,W00166,2026-04-03,16.48592,87.54246,ed0def95ebeb1162
PH000133,W00167,2026-03-19,23.43103,73.01855,15f9a18aebb260c8
PH000134,W00168,2024-02-15,26.46695,79.0536,43f64999c52bec24
PH000135,W00169,2023-10-19,16.88581,79.21698,01c77d24ebc928b8
PH000136,W00170,2024-04-20,23.35131,73.102,33cd53bfd0d7d1a3
PH000137,W00171,2026-08-20,16.81388,79.15764,94f327f7b0af484d
PH000138,W00172,2024-08-15,27.30477,81.97117,d56ce680370031ed
PH000139,W00173,2025-11-22,24.65969,85.26956,15739164da2b2574
PH000140,W00174,2024-08-16,27.27256,82.07489,1eaf1b28115e0cea
PH000141,W00175,2025-04-14,23.28021,73.12919,6b67972c462d252e
PH000142,W00176,2025-04-23,21.89135,72.79314,576e184e6b556693
PH000143,W00177,2026-03-01,17.32412,82.82927,0d2d41fc12a79639
PH000144,W00178,2025-12-01,21.50937,75.568,98ec50d58d235c75
PH000145,W00179,2025-08-15,22.14919,72.83135,8d0c89aa1ec767d1
PH000146,W00181,2026-01-01,21.74244,75.66889,157ac43abedff07b
PH000147,W00183,2025-04-25,29.51622,86.30767,9368982dd32851c0
PH000148,W00184,2026-07-10,27.88684,83.05744,b24d8df685f9ab1f
PH000149,W00185,2024-02-29,27.97509,83.02744,bbbc46ba219ae70a
PH000150,W00186,2024-04-15,23.38402,73.00529,a006d7c6056cc2f2
PH000151,W00187,2026-03-05,24.78541,85.30038,cdb05b202092075a
PH000152,W00188,2024-11-09,16.78915,79.06844,e8c9e32aebfbfe37
PH000153,W00189,2024-11-16,27.36037,82.06875,1124b306051a3ff9
PH000154,W00190,2024-06-14,26.45244,84.54039,6f2fd95c1140f373
PH000155,W00191,2024-07-13,26.5067,84.44384,074ef12c0bdc829a
PH000156,W00192,2023-11-20,29.62735,86.39939,8e6c14803e40cb2d
PH000157,W00193,2026-06-15,27.52443,82.15172,656479dd64f3c11b
PH000158,W00194,2025-10-08,24.56842,85.09955,697266afe1175e8e
PH000159,W00195,2024-02-25,16.99155,79.33888,cd703b7a81a1ec58
PH000160,W00196,2024-12-02,23.43692,73.16687,b4c9b8152bd5b894
PH000161,W00197,2024-06-09,17.17377,82.80102,714e8e38d529d775
PH000162,W00199,2026-09-03,26.57735,74.98406,726a6c2053d84d25
PH000163,W00200,2023-10-11,17.18141,83.0351,a1bccc80cc30a5eb
PH000164,W00201,2026-08-17,29.42615,86.28354,0d5ee9756a64bbea
PH000165,W00202,2024-06-09,17.26029,82.87065,1d31c84d91e5da08
PH000166,W00203,2025-10-14,21.54287,75.48954,ea001abd27a85a16
PH000167,W00204,2026-06-17,26.22237,77.70332,edf885cc9f2857c0
PH000168,W00205,2023-12-08,24.77087,85.25928,3f26baad4614e3ff
PH000169,W00206,2026-08-26,23.31165,72.90089,902623e03b4e4623
PH000170,W00207,2026-07-15,23.43948,73.09005,81da873a69555a34
PH000171,W00208,2026-04-21,26.63499,79.07319,024b30377689c5c8
PH000172,W00209,2025-02-07,23.28849,73.04519,d7c99b3b51ec1a34
PH000173,W00210,2025-11-13,21.65882,75.74662,d9f8948d889eb6a0
PH000174,W00211,2024-04-05,24.60571,85.14803,6d6ab02ea27b3dea
PH000175,W00212,2024-10-12,24.65932,85.08681,7fec7096f30fa6ab
PH000176,W00214,2026-04-22,20.41959,86.88182,b1f0a108b36ad0f7
PH000177,W00215,2023-09-23,24.63634,85.05062,af875924d61174dd
PH000178,W00219,2024-10-24,24.59467,85.22294,decb58f18c9b1d41
PH000179,W00220,2023-08-28,27.4466,82.07906,a77598a0da8ba3d4
PH000180,W00222,2024-08-30,16.26405,87.59156,8b3ac1d1446ce502
PH000181,W00224,2026-02-07,29.59604,86.20854,b66527e5b707107b
PH000182,W00226,2024-10-22,20.51456,86.76551,36aa580bf07292c8
PH000183,W00227,2025-11-28,29.65574,86.19839,ec67ab5856009437
PH000184,W00228,2024-09-23,20.018613453623516,87.49610156616684,c30e7249b6c62e10
PH000185,W00229,2025-05-29,29.48018,86.39014,ddc9a197a0794a35
PH000186,W00230,2025-09-11,29.5928,86.27789,ee7c08c6a1c5eda2
PH000187,W00231,2025-07-23,23.40591,73.12715,e8453eaa1d908d5c
PH000188,W00233,2026-02-08,26.57936,79.11573,2c1b51319e46c30b
PH000189,W00234,2026-03-13,26.26584,77.78187,b8c84c4967e20ad4
PH000190,W00236,2025-04-14,24.60822,85.09555,cc54c1f2ec93dd4e
PH000191,W00237,2024-10-07,27.4897,82.06413,3fca9a3572129745
PH000192,W00238,2024-05-12,23.43388,73.11082,0b9efb8290ad50e4
PH000193,W00239,2025-07-14,21.52787,75.7698,340e23041809f4b0
PH000194,W00240,2026-08-03,16.49019,87.56875,bb174cb5dff6a641
PH000195,W00242,2026-04-29,23.34378,73.05896,6150a594aefecb38
PH000196,W00243,2025-10-06,27.36297,82.17521,f34decb2fabeaf2f
PH000197,W00245,2026-08-31,21.64165,75.55146,615e2679b6fe17d4
PH000198,W00246,2026-05-22,23.25119,72.98059,716f6ac4f2bb2684
PH000199,W00247,2025-03-18,26.54535,75.19755,7b926f624f3fa1b4
PH000200,W00248,2024-11-04,17.38819,82.91986,ab0b5df93205864b
PH000201,W00249,2024-07-10,27.54404,81.96736,c6ab59c35290b94c
PH000202,W00250,2024-07-05,27.42344,81.95628,c5b4690b90c14f66
PH000203,W00255,2024-05-14,27.8346,83.21884,9485fbb8f6c19a6f
PH000204,W00256,2026-02-14,16.34048,87.46432,cd3d9d13a43dccf7
PH000205,W00257,2024-01-18,21.78959,75.74802,bd4adfd976f9c64e
PH000206,W00258,2025-04-22,21.79446,75.51595,67695245dcaec6fd
PH000207,W00259,2024-11-22,27.92477,83.04322,8c7a3a162802b036
PH000208,W00260,2025-09-14,21.87959,72.73351,3f61fbffe6fe3c87
PH000209,W00261,2025-07-12,16.35737,87.62656,7f5dfb3b495458f8
PH000210,W00262,2025-06-18,16.48324,87.48238,cdd433aa8bd678e1
PH000211,W00264,2025-03-08,21.67359,75.57856,ca0ae345515a71ba
PH000212,W00265,2024-11-27,23.4662,73.07967,755f17f4eb8b0119
PH000213,W00266,2025-09-23,26.75045,75.25675,a6a70a3016507df3
PH000214,W00267,2026-07-03,20.59734,86.8248,7ff7af8b9a47d42e
PH000215,W00268,2024-03-06,27.85888,83.13115,ac792b1f6a3f4245
PH000216,W00269,2023-08-07,26.54019,84.53026,90a6621f82b1ea2d
PH000217,W00270,2024-07-14,24.60216,85.07733,f8ed5b30229759c3
PH000218,W00272,2024-10-13,23.3637,72.92975,a7bc01691316c3e3
PH000219,W00273,2025-12-18,17.36619,82.85652,ef72e1ad731037b3
PH000220,W00274,2025-08-22,21.53972,75.69265,e2a547669c3a96d3
PH000221,W00275,2025-06-02,23.40291,72.98099,4b1a88b841833438
PH000222,W00276,2023-11-23,21.90532,72.55289,c05a9ef6918b9e89
PH000223,W00277,2024-05-14,21.59462,75.77986,00834761b8b3773b
PH000224,W00278,2025-09-12,24.69305,85.30804,b7ce4f825bad07bd
PH000225,W00279,2025-11-13,24.79157,85.09344,ef9d686b143f5f4c
PH000226,W00280,2023-11-15,26.46691,79.03806,25fc6705dc6dbdac
PH000227,W00281,2025-09-28,28.00393,83.20308,c7a92c9afcb4e360
PH000228,W00282,2024-03-03,27.965,83.1841,a3fcdf4f2e8a102c
PH000229,W00283,2026-04-01,21.72847,75.69382,6e29e75a4d25f9fb
PH000230,W00284,2024-02-12,26.50796,78.90738,bacfcca354b67a57
PH000231,W00285,2024-08-15,27.29915,82.12242,ae607df83d60b1db
PH000232,W00286,2024-12-30,17.00917,79.08593,3e9a079f8331fced
PH000233,W00288,2025-08-28,21.64548,75.64836,c0b0828b84c3fade
PH000234,W00289,2023-10-20,22.03826,72.67856,1e982d63042c871f
PH000235,W00290,2024-04-09,21.73086,75.63363,0d635045496bdd17
PH000236,W00291,2026-06-24,27.75038,83.29138,9e4b562eba288680
PH000237,W00292,2024-11-17,17.25813,82.78329,439d20dbc7a9d298
PH000238,W00293,2024-01-09,17.44673,82.86266,698f02ac3846541e
PH000239,W00294,2025-02-26,26.62776,75.20707,fb5064a8f199e32f
PH000240,W00296,2024-12-06,24.60271,85.11569,45fe2be2f40cc10f
PH000241,W00297,2024-12-08,23.17991,73.12582,e40e15ae2e7ce75a
PH000242,W00298,2023-12-27,22.11164,72.82771,1ce8ce67d0b6fbc5
PH000243,W00300,2023-12-20,17.31883,83.04997,78a5c1c1776dcae7
PH000244,W00301,2026-05-15,21.65579,75.50441,1ab63ffc182501b8
PH000245,W00302,2024-11-22,16.89068,79.10027,75fb738cfd0e75cb
PH000246,W00303,2024-04-02,16.28938,87.62856,ed7567fd4f94eed5
PH000247,W00304,2025-09-06,16.52657,87.55952,041420d954364938
PH000248,W00305,2025-07-28,18.621967094883516,84.31387837503303,668f4d1ff07390b4
PH000249,W00306,2025-01-13,27.96742,83.19594,1d7431c13c074857
PH000250,W00307,2025-04-09,17.01977,79.32687,75c058713806c2bc
PH000251,W00308,2025-09-18,24.56922,85.16147,20b111f55b69eab8
PH000252,W00309,2024-05-27,26.38515,84.68571,4af8d674cbd5afcf
PH000253,W00311,2026-07-30,27.88558,83.26775,361168d630a8e65b
PH000254,W00312,2024-11-30,16.78474,79.06186,0755da5c6eed957f
PH000255,W00313,2025-11-20,29.57125,86.4034,06619fa29a2817db
PH000256,W00314,2025-04-01,16.43046,87.56265,28aa9d414c626941
PH000257,W00316,2025-06-05,17.25583,82.91218,0d31884ca5ccad18
PH000258,W00317,2023-09-29,23.38699,73.14597,7da0578b93046e85
PH000259,W00319,2025-03-11,27.54368,81.95639,ed0c029b509636d4
PH000260,W00320,2024-07-25,24.68838,85.22316,a32738fc1b76e855
PH000261,W00321,2025-10-15,26.38943,77.7877,2b7f8efe0dae1457
PH000262,W00322,2026-06-16,23.41553,72.93602,01836e3c13e84b50
PH000263,W00324,2025-12-12,21.97436,72.81695,101409cb331b3923
PH000264,W00325,2024-10-26,29.52354,86.31291,5af9649701519bd5
PH000265,W00326,2025-07-23,16.85103,79.07177,87c6ad084d483f5b
PH000266,W00327,2025-10-05,26.44944,84.53946,555b421941a9cbc1
PH000267,W00328,2024-07-22,16.39655,87.7255,fa6af36d95914372
PH000268,W00330,2026-03-18,24.70194,85.17039,2560cc0a7c14d36a
PH000269,W00331,2025-07-03,23.44284,73.04276,5755f91ba37d009b
PH000270,W00332,2026-04-27,26.48146,77.67732,f6a1e437bc44008d
PH000271,W00333,2026-04-02,16.398,87.68592,91d4479a44215721
PH000272,W00334,2024-03-14,16.33704,87.47762,60434c385e5410f8
PH000273,W00335,2026-05-24,23.41405,73.10959,3af47786d61358c9
PH000274,W00336,2025-05-16,16.42362,87.73595,06d5a695fc990567
PH000275,W00337,2025-11-25,16.94268,79.25139,e3d7055e0206049b
PH000276,W00338,2024-02-18,21.50978,75.53236,a642134674beae0b
PH000277,W00339,2026-05-21,23.28671,72.99912,5c76e5555b07154a
PH000278,W00341,2025-07-26,20.5405,86.88736,31f620dc480d27de
PH000279,W00342,2024-01-21,26.52829,78.95726,2f7f8773fc4bd9b2
PH000280,W00343,2024-09-17,24.71777,85.03596,258ad7b712cb8fa8
PH000281,W00344,2024-05-15,23.3085,72.9811,93ad115e9726cf0e
PH000282,W00346,2025-03-11,27.54084,82.03296,5f06406338b0ef8c
PH000283,W00347,2025-03-16,29.44759,86.19784,0e48f65eb9c51e8e
PH000284,W00349,2025-01-08,16.3916,87.52039,e2cea51a665d2cc9
PH000285,W00350,2026-02-09,23.32718,73.04787,7c8b1f62cd6bfd2c
PH000286,W00351,2024-09-19,20.43178,86.73492,bb4aec6553a2197a
PH000287,W00353,2024-01-18,27.38416,82.04922,461913dc0276febb
PH000288,W00354,2024-04-03,27.55063,82.00174,1503068bc6d4e89b
PH000289,W00355,2025-11-29,27.28895,82.0885,975d321f9092cbb8
PH000290,W00356,2024-01-28,23.29803,72.89358,eaeb4997eb2a946d
PH000291,W00357,2023-12-21,29.51855,86.3933,d59acd191260fb34
PH000292,W00358,2024-07-22,22.12941,72.56469,17caec7973906f9b
PH000293,W00360,2024-10-18,26.4917,78.98885,adb9d5a3823ba9e6
PH000294,W00361,2026-06-29,17.30933,82.85719,5a79359bdcc51aac
PH000295,W00364,2024-10-19,27.38544,82.14915,b075c2dacc669306
PH000296,W00365,2024-12-08,20.69023,86.83934,24224968d948ef91
PH000297,W00366,2024-06-26,16.36075,87.63808,819c3a939a7eeccb
PH000298,W00367,2025-03-28,26.43401,77.74291,ebb149bf0480ae25
PH000299,W00368,2026-03-31,21.67686,75.74774,314a97019bf8e02d
PH000300,W00369,2025-01-05,29.55692,86.38153,bf1ba4a855b59c6b
PH000301,W00370,2025-04-24,20.66843,86.89607,ec9686cbe87a3853
PH000302,W00371,2023-10-16,27.47192,82.08761,d93eaab8f9652b0b
PH000303,W00372,2024-12-08,21.87209,72.68392,42fd8d07fc559987
PH000304,W00373,2024-11-04,26.38484,77.65912,541401bb024c159d
PH000305,W00374,2024-11-18,29.68199,86.35995,057e728f688cdb08
PH000306,W00375,2026-06-16,21.99998,72.57375,463f7fd2f4f7ce9f
PH000307,W00376,2023-10-26,29.47134,86.37642,d28fca57003aa03f
PH000308,W00377,2026-03-24,29.62005,86.24852,fdb3852f4990c59c
PH000309,W00378,2024-09-12,27.31854,81.95965,e00c0aad96c80f58
PH000310,W00379,2025-05-24,16.78093,79.27833,7c8ddf0018599e8e
PH000311,W00380,2026-03-22,23.31158,73.02746,0f35e36b940382c2
PH000312,W00381,2025-02-16,21.55609,75.64546,8eb7d1c53fca0446
PH000313,W00382,2025-11-10,23.41301,73.08101,804b2d6d1d77c37c
PH000314,W00383,2026-01-07,23.18178,72.99678,954f1d48df6bc426
PH000315,W00384,2026-01-03,17.4364,82.84678,72ab89fed672400d
PH000316,W00385,2023-12-24,23.30249,73.04956,d6f0b9713c866c5e
PH000317,W00386,2026-01-01,23.26964,73.15379,d34e8ea98824a932
PH000318,W00387,2024-09-13,22.08502,72.8075,181556ed754499dc
PH000319,W00389,2026-03-05,21.50564,75.63899,a4257a551c4572ea
PH000320,W00390,2025-01-20,29.56857,86.3907,6afad20ff38674f8
PH000321,W00391,2024-05-02,17.43110191294027,89.05135738265962,8b91a535e43c13a6
PH000322,W00392,2026-04-01,17.29488,82.86716,ea80586c1d72a2fc
PH000323,W00393,2025-12-26,27.88367,83.10812,165b6785bf6d5dae
PH000324,W00395,2024-12-06,17.40369,82.99886,951c0981223a4ce4
PH000325,W00396,2025-04-22,16.37096,87.47722,3cc53f82c94f9d2b
PH000326,W00397,2024-11-11,26.58015,75.15124,640fa3f99f6b5385
PH000327,W00398,2024-03-11,21.76939,75.73545,494b40ead9387c82
PH000328,W00399,2026-02-10,17.25872,83.04188,88c310cef3d46fc0
PH000329,W00400,2026-02-03,27.55583,82.15189,fa69a3194692b313
PH000330,W00401,2026-02-09,26.39188,84.52576,67c1a63af0e9cf4e
PH000331,W00402,2026-05-22,24.70288,85.02876,192f7a6a01734a18
PH000332,W00403,2024-10-11,24.74272,85.08303,de2de5eab4d9575f
PH000333,W00405,2025-07-17,16.45015,87.59623,304e80442c2e9728
PH000334,W00406,2026-05-08,26.52957,84.46238,3ad74723f7676d6e
PH000335,W00407,2026-02-19,16.5166,87.67708,dd65d6a2b5c74b6f
PH000336,W00408,2024-04-02,16.915,79.20845,44cf2b8f69fa8a2a
PH000337,W00409,2023-12-28,21.95745,72.63437,d494747381f9c1e0
PH000338,W00410,2024-08-31,17.23842,83.00444,7d813a6ca1a3300a
PH000339,W00411,2024-04-11,29.60766,86.36219,be66e6f02706e12a
PH000340,W00412,2025-02-09,30.904417947868428,85.24862872499507,7d854ecc3aa72f74
PH000341,W00413,2026-05-22,26.732,79.06763,6cf892c7f5ba8443
PH000342,W00414,2026-01-04,27.31734,82.05738,7801147c3920506d
PH000343,W00415,2026-03-30,17.1997,83.07085,160e4bcbf7d3f6ea
PH000344,W00417,2024-06-10,17.24336,82.86047,d809ed79c0a308ee
PH000345,W00418,2024-01-05,23.23226,72.87219,626641697715a245
PH000346,W00420,2024-09-08,16.47283,87.73549,a2aebc509759ee1a
PH000347,W00421,2025-05-07,27.31045,82.04737,a3b2ad201db13369
PH000348,W00422,2024-01-23,21.72934,75.70287,d942f55291ddfdd8
PH000349,W00423,2024-12-20,17.36393,82.89795,7afef833dc07f913
PH000350,W00425,2025-06-08,23.33936,72.93312,3af9e1cbbe8352b1
PH000351,W00426,2026-02-19,16.36379,87.69743,282af419306f80b0
PH000352,W00427,2024-10-12,16.48465,87.66506,de45d5fb7f30d8bd
PH000353,W00429,2024-10-28,26.75632,78.89491,fdfefac770e592ed
PH000354,W00431,2026-05-05,26.3982,84.45344,0107aa9151279432
PH000355,W00432,2026-08-02,26.44575,77.56565,a971e6c8002dd31a
PH000356,W00433,2024-08-14,23.4198,73.10044,f61fbbbdd400cea5
PH000357,W00434,2025-02-07,16.39301,87.6308,381a9e67ba6ad18b
PH000358,W00435,2024-12-01,16.42961,87.67717,bad19932850970f2
PH000359,W00436,2026-06-16,24.68527,85.10714,58e94f9dd33ccef1
PH000360,W00437,2026-02-14,27.52487,82.0817,902745b3a199e18a
PH000361,W00438,2024-11-25,27.32472,82.17527,6ec584f549378fb6
PH000362,W00440,2025-07-10,23.35807,73.0014,a887339cf3e660bb
PH000363,W00441,2025-11-02,17.20816,82.95713,c78cfa2625ee7f74
PH000364,W00442,2026-02-27,21.58592,75.61709,be38ca205a57351d
PH000365,W00443,2025-11-08,16.82546,79.31842,eb9e9b61a31b0c8a
PH000366,W00444,2026-06-27,29.69044,86.23862,ec0f165477033d29
PH000367,W00445,2026-07-07,24.65373,85.11874,9800d635add947ad
PH000368,W00446,2025-09-22,16.81848,79.16406,5a08e16747f30ec6
PH000369,W00447,2026-06-01,17.40393,82.95946,ac923671994409f0
PH000370,W00448,2026-03-23,23.42184,72.94327,431462e215963299
PH000371,W00449,2024-01-24,27.3771,82.0498,0b9472eb673156e0
PH000372,W00451,2024-07-02,27.45528,82.01424,43b1176386a08f7c
PH000373,W00452,2025-11-20,21.63963,75.59193,eb604cbc16dd84b1
PH000374,W00453,2026-01-19,27.4585,82.16799,9d65820eab958ff3
PH000375,W00456,2025-04-21,22.11749,72.7806,01af57ccbb28273b
PH000376,W00457,2025-07-30,23.46302,72.93934,d7b751a6e161d0f0
PH000377,W00458,2026-06-12,24.5223,85.06473,69c196ed3b2157bb
PH000378,W00459,2025-03-09,16.85841,79.16135,8edd44c5d5bfc40f
PH000379,W00463,2024-02-22,16.44771,87.68737,cbe364cc762c84cf
PH000380,W00464,2025-02-08,29.54343,86.30553,280ae39f11dcd9b2
PH000381,W00465,2024-12-27,21.91555,72.69352,1c087fb091bd600e
PH000382,W00466,2024-02-16,17.26045,83.02623,4013c894a114a742
PH000383,W00467,2026-07-16,24.51036,85.10884,4eb586cfc7bad1f6
PH000384,W00469,2026-04-03,21.8632,72.60833,28c16073c89e3b20
PH000385,W00471,2024-06-10,29.5426,86.24502,644fc2dfe834d01e
PH000386,W00472,2024-03-01,16.27845,87.73737,c4bbb22fded7190d
PH000387,W00473,2024-12-24,17.1776,82.86811,52ee51305b7a57e9
PH000388,W00474,2024-01-29,23.16731,72.92949,ed2a016b1d258579
PH000389,W00475,2025-08-10,23.29865,73.03907,6ab1ffc17f431c04
PH000390,W00476,2024-09-21,17.19892,83.02561,d5335b10c0e315fb
PH000391,W00479,2026-05-05,21.5541,75.70539,41471a1f8eb9674e
PH000392,W00480,2024-04-24,21.59509,75.66694,ebb3c737ec1f8923
PH000393,W00481,2024-09-10,27.34213,81.98568,7fd9ab96d09acf25
PH000394,W00482,2023-10-07,29.492,86.2695,72e5308fd6a0a841
PH000395,W00483,2024-12-04,21.52394,75.67556,aaa90545360dcc61
PH000396,W00484,2024-03-31,16.99825,79.27686,2c742476d1e1825a
PH000397,W00485,2024-09-10,29.4258,86.40261,9710127a19f6670e
PH000398,W00488,2023-12-01,21.86217,72.7272,d0ce17d0996c7fb1
PH000399,W00489,2025-08-14,29.64342,86.19726,8610fbe45e31070d
PH000400,W00490,2024-08-02,17.30484,82.90732,f9097924bc8bd71d
PH000401,W00491,2025-12-25,27.7718,83.17147,7112247f94072cfd
PH000402,W00493,2025-01-12,23.45186,73.06395,069c0590570f023b
PH000403,W00494,2026-03-01,21.72076,75.51352,a654bff77875a7ed
PH000404,W00495,2024-06-10,27.55487,82.03586,89ef86fbad6ac413
PH000405,W00496,2025-07-18,22.01226,72.60181,56a36fe2641b7585
PH000406,W00497,2025-09-08,27.50976,82.19201,533551d882968c28
PH000407,W00498,2025-09-19,24.54628,85.08033,ad7927d7d7acc4bb
PH000408,W00499,2026-08-19,29.67605,86.18369,01c30d52c4d390a4
PH000409,W00500,2025-11-08,26.5543,84.51741,2a0d4639b1c77d74
PH000410,W00501,2025-02-22,29.46374,86.26085,0baa96de1fd64a06
PH000411,W00502,2025-05-23,26.5854,75.00802,a34ee6665a3d7dd9
PH000412,W00503,2025-07-11,29.46939,86.4278,1337189149c10386
PH000413,W00504,2024-09-28,17.27564,82.77878,1b282a0141e5f251
PH000414,W00505,2025-08-03,16.46115,87.59835,bb217bf5ba979dae
PH000415,W00506,2026-07-26,23.21446,73.14872,cdf1c07e50669bdf
PH000416,W00508,2026-06-01,26.78337,75.19033,064a38f9fe114c3c
PH000417,W00509,2024-06-22,16.44734,87.58979,627b59f265babfb6
PH000418,W00511,2025-05-09,23.18428,73.08496,f9565d4e0e750f59
PH000419,W00512,2024-05-23,27.86149,83.1054,ffb3659a405fcc01
PH000420,W00513,2023-11-07,23.22126,72.99881,2731bf5fce657f59
PH000421,W00514,2024-08-29,20.65092,86.9143,6b7fc3398d9a491b
PH000422,W00515,2025-04-19,16.39864,87.63661,6abdb9e71759bc2f
PH000423,W00516,2026-02-24,26.49951,78.93561,4e3254d6c1e0d416
PH000424,W00517,2025-09-03,21.66466,75.64309,5f8048cfdcf0a4f8
PH000425,W00518,2025-07-19,21.97839,72.55459,7faf1acc2484ebd6
PH000426,W00520,2024-01-26,27.4276,82.0793,33fe54799be2129b
PH000427,W00525,2024-12-11,21.68399,75.5278,abba4b49826b2b34
PH000428,W00529,2023-11-23,27.53818,82.15352,a50a7e572709f101
PH000429,W00530,2024-12-19,27.51512,81.97656,bda59fda46b910e6
PH000430,W00531,2025-10-07,17.26877,82.90548,4406e5e7a9cf1135
PH000431,W00532,2024-11-11,23.32493,73.10583,88b112114ed7813d
PH000432,W00533,2026-06-04,23.23004,72.9799,edea79402f36c8f4
PH000433,W00534,2025-03-09,20.65058,86.97686,2aedad26689ce119
PH000434,W00535,2024-01-23,21.92369,72.72949,705a2500e8d3e193
PH000435,W00536,2024-11-27,24.69586,85.10179,af2a680a78fed00c
PH000436,W00538,2026-01-16,17.3382,82.93512,32b6d902371e3ec4
PH000437,W00539,2024-02-11,17.17188,82.81936,27c48d752c10f6cb
PH000438,W00540,2026-02-06,29.57022,86.22292,658aac2e7c9d22c4
PH000439,W00541,2026-01-20,16.99805,79.14563,b9c30fa614c9bc30
PH000440,W00542,2024-02-04,29.48524,86.21889,c7c28e9ffb106419
PH000441,W00543,2025-07-23,23.41396,72.88072,2ef0b767b77243cd
PH000442,W00544,2024-04-27,27.85722,83.19938,cb7c0667a3d6e9e3
PH000443,W00545,2024-09-14,22.0597,72.62311,9ee61672c95541b0
PH000444,W00546,2025-12-04,24.57532,85.2407,8593d7eee84ddcba
PH000445,W00551,2024-03-26,29.44438,86.41742,f48e009cca73d20a
PH000446,W00552,2024-02-25,17.24784,82.84597,e0e6d58ec8abe0ef
PH000447,W00553,2025-06-21,27.29275,82.03686,bc551644df47b9ff
PH000448,W00554,2024-12-14,27.43608,82.20226,50d5c956f8b54d7e
PH000449,W00556,2023-09-21,23.27688,72.89185,0d77e8a64c8d3a8d
PH000450,W00557,2026-01-07,16.87491,79.27657,5afbdc2a80440a45
PH000451,W00558,2025-11-18,27.30584,82.11941,85d60c5ae8c1cca2
PH000452,W00559,2024-10-20,21.68091,75.51163,c51ff7cb08b2802d
PH000453,W00560,2025-10-05,29.42564,86.24898,0f29ab91dddc9fdd
PH000454,W00561,2024-12-07,24.59411,85.20645,b0b319b6a4eea09d
PH000455,W00562,2026-05-01,16.31218,87.48614,d0b3f70a948c91cb
PH000456,W00563,2026-03-22,27.48486,82.06407,a004c95b5a233921
PH000457,W00565,2023-08-07,21.62979,75.60372,ea83a1249266b4b2
PH000458,W00567,2026-03-05,16.30007,87.51634,725a0b864fc517f3
PH000459,W00570,2025-02-03,23.30115,72.93788,1c5145e93991aa98
PH000460,W00571,2023-11-30,24.77761,85.15947,5f97324c73f87311
PH000461,W00572,2023-12-31,23.22231,72.88321,d1220c6d0c46556c
PH000462,W00574,2025-09-22,26.30951,84.44132,0695ade0c1f73bd8
PH000463,W00575,2024-02-18,21.56439,75.665,025206b8e89b51da
PH000464,W00576,2024-02-10,16.38243,87.4853,b04839b13c5447e2
PH000465,W00577,2024-11-27,29.70552,86.17854,82e52f7869199317
PH000466,W00578,2026-04-27,21.55054,75.70209,7a7075f65fd92947
PH000467,W00579,2024-08-24,16.47307,87.6136,b4f2ae8f02e618cb
PH000468,W00580,2025-05-05,16.44234,87.51138,917f41f5a91cc077
PH000469,W00581,2024-06-04,29.52283,86.26703,d6714db5f341225a
PH000470,W00582,2026-04-26,23.35869,73.15789,1c0d78b1f47cb9c2
PH000471,W00583,2024-10-05,16.36157,87.73948,2350b5e8c0b63df0
PH000472,W00584,2025-11-15,16.39408,87.52173,110198ec5e1417da
PH000473,W00585,2026-06-11,23.43224,72.96001,db89e4b5b3a1212f
PH000474,W00586,2024-03-11,23.46014,72.93411,5cd7016f75366fc9
PH000475,W00587,2024-04-22,17.33108,83.02593,212d7f977524e204
PH000476,W00588,2025-12-31,29.47226,86.14818,4c3482060b9f0f00
PH000477,W00589,2024-11-24,17.26486,82.94225,857e9f5fe4187a34
PH000478,W00591,2026-08-31,22.12217,72.8044,de2c4454525c7d33
PH000479,W00592,2026-01-24,24.59268,85.16288,71ca9d69192fa1e2
PH000480,W00593,2023-11-16,27.48607,82.16896,80369960f6e8a09c
PH000481,W00594,2026-03-02,28.02094,83.18345,0755b1ab6886b555
PH000482,W00596,2024-10-28,16.31099,87.70847,a84c8d668b1955ca
PH000483,W00598,2025-03-26,29.63674,86.18613,45f6e7378f5861a3
PH000484,W00599,2024-04-28,16.364,87.75843,66dc02157c576e80
PH000485,W00600,2024-07-27,16.90627,79.1101,85392d78b76a10e2
PH000486,W00601,2024-07-17,24.76194,85.02779,8582007cbc9bd89e
PH000487,W00603,2025-08-25,27.47386,82.12872,a95f126d89d810f6
PH000488,W00605,2025-04-27,16.26061,87.74957,04eec92974e830cc
PH000489,W00607,2025-01-22,22.11165,72.61735,6c3366e220252cf4
PH000490,W00608,2024-08-27,26.71606,78.9473,426e2e3e897854dd
PH000491,W00609,2024-05-18,26.28284,77.73183,5809fbd8a4fad786
PH000492,W00610,2025-03-10,29.52735,86.15148,8c3c230eeccaff5b
PH000493,W00611,2025-07-18,17.25473,82.97797,984152e833757203
PH000494,W00612,2026-01-17,26.72802,78.91049,c8640fe192d84b12
PH000495,W00613,2026-03-21,24.6062,85.16947,d7174ed44f28d5aa
PH000496,W00614,2024-01-20,27.52786,82.13616,6e17cc2c518a376c
PH000497,W00615,2026-05-31,27.99617,83.25322,a734a73575844832
PH000498,W00616,2026-05-04,29.44657,86.28008,a9338300415edb82
PH000499,W00617,2025-12-27,16.96058,79.2433,553db17cde634daa
PH000500,W00618,2023-09-11,27.3024,82.08311,1c70b9495046acc6
PH000501,W00619,2025-05-10,16.29003,87.75216,d391b423bc210525
PH000502,W00620,2024-08-20,27.2932,81.98693,c99a6f0e275ede8a
PH000503,W00622,2025-11-24,29.60578,86.39,9fb9ecdd0bcf2807
PH000504,W00623,2025-01-23,29.5251,86.25636,b683059f8ec48af0
PH000505,W00624,2024-05-15,21.65328,75.62148,ffbe667f59c5e919
PH000506,W00625,2025-08-15,27.43099,82.18894,bcad27ae951bf44c
PH000507,W00626,2026-08-20,27.49739,82.11503,534ccc183ff9313d
PH000508,W00628,2026-06-15,17.16845,83.03557,edc5c5b4f0c1e3a6
PH000509,W00629,2024-08-29,23.35842,73.16781,9ef906ea30c5b8da
PH000510,W00631,2023-12-28,27.36207,82.01842,8d5ed34bae8b5c2a
PH000511,W00632,2024-08-17,16.96859,79.22336,ee32f583502f8d29
PH000512,W00633,2025-05-30,21.70463,75.5194,1e861500a227fe2b
PH000513,W00635,2023-10-04,27.26866,82.1322,b9287de774941ccf
PH000514,W00636,2025-08-18,16.50601,87.75885,d42ee5f6f21788e9
PH000515,W00637,2024-03-04,27.95592,83.24095,f49d08c5695c4694
PH000516,W00638,2024-08-06,23.24549,73.08537,3996c5ef57142b17
PH000517,W00639,2025-06-30,27.47481,82.10638,dbcacbfeafbad6fd
PH000518,W00641,2026-07-18,29.51845,86.19277,31033f43cc80ce00
PH000519,W00642,2025-06-21,27.479718825603825,78.3013495666138,47e96dfc27a05efb
PH000520,W00643,2024-01-12,29.49274,86.3667,f4926f285cd65e08
PH000521,W00644,2024-01-31,26.61735,79.11161,ac76655a4cf41abd
PH000522,W00645,2025-12-23,20.68128,86.81569,8558fe0421b663b8
PH000523,W00646,2025-07-02,17.2421,83.06845,fc6a25158ee4cc8f
PH000524,W00648,2025-05-21,16.82156,79.24541,0a5f2f5b48dc2eaf
PH000525,W00649,2024-12-23,21.78918,75.77611,0e50adfe1dc89141
PH000526,W00650,2025-08-10,26.71043,78.91406,1e80a24f9a946f55
PH000527,W00651,2023-07-30,23.3845,73.15504,f140ac18fa548548
PH000528,W00653,2026-07-22,23.24852,72.92725,775d0361ba07ab0f
PH000529,W00654,2026-05-01,27.36412,82.02748,694b2e65d497f997
PH000530,W00656,2025-09-03,26.47404,84.49697,ed35acb70296c671
PH000531,W00657,2026-09-02,21.75944,75.57757,b3de3c7dfaa88f3e
PH000532,W00658,2025-03-01,17.37939,82.82596,e17e1fd80b57697f
PH000533,W00659,2024-01-24,26.48458,84.60699,792325661c04b9c6
PH000534,W00660,2024-11-11,21.55855,75.53658,9ff9d63effca834b
PH000535,W00661,2024-12-19,27.42508,81.96155,47c2c2a646161919
PH000536,W00662,2024-08-07,26.54336,84.52148,99a140b7b76ea823
PH000537,W00663,2026-07-19,22.04808,72.70889,b0eb6bd02fbc24fe
PH000538,W00664,2026-01-20,21.71259,75.60079,2aecc673e8ef9d7b
PH000539,W00665,2023-12-08,27.44944,82.11128,765e52d2ad2833a7
PH000540,W00666,2026-08-27,26.51918,79.02877,d8c344f0e5c856b3
PH000541,W00667,2023-08-06,17.23059,82.83712,4d9077340cea6693
PH000542,W00669,2025-12-11,21.76097,75.66823,d3dd9ee51ea1feca
PH000543,W00670,2025-11-20,29.4179,86.30357,1bb8ac4ab8023485
PH000544,W00671,2024-08-17,23.38341,73.10052,daf3baae34cb8c2b
PH000545,W00672,2026-02-12,23.44076,73.1093,50460bb1691d93ae
PH000546,W00674,2026-05-13,27.75168,83.24406,63939a6d76ac8f98
PH000547,W00675,2024-07-13,22.11254,72.84158,2fc3621624613d83
PH000548,W00678,2024-12-14,21.99755,72.62885,ede7c075d9dfd12b
PH000549,W00680,2024-12-16,23.40924,73.14773,e6447bcf42d37ec8
PH000550,W00681,2025-05-11,27.55333,82.08226,c22c3a7d464b1d79
PH000551,W00682,2026-04-24,27.76938,83.01945,2da15b0dbe4e5a80
PH000552,W00684,2024-06-13,27.54808,82.12647,6cfc9bf8d39138bc
PH000553,W00685,2025-07-14,22.11481,72.68907,b05c7826ad69397f
PH000554,W00686,2024-10-04,23.21623,73.05307,6112d7e42364fd54
PH000555,W00687,2024-11-09,29.47585,86.41389,9715ee4ff80b0bc5
PH000556,W00688,2024-02-12,29.48119,86.23517,5033a3b9d02441d5
PH000557,W00690,2024-02-21,22.09155,72.65594,8c94dd576bd2b95c
PH000558,W00691,2025-02-02,21.77267,75.65021,31d8064017d59005
PH000559,W00692,2023-12-18,17.39442,82.81272,99ed3522eb5079a3
PH000560,W00693,2025-01-05,16.82671,79.19041,3e9272c570a0d85f
PH000561,W00695,2024-10-10,24.55769,85.07372,255deb57f3ada627
PH000562,W00696,2025-11-24,29.51033,86.42241,d7d38bfed1a17e30
PH000563,W00697,2024-09-10,23.33583,72.96178,5acabcba682221ce
PH000564,W00700,2024-07-03,29.68077,86.14899,3e84973242ebbb5e
PH000565,W00701,2026-01-08,29.45137,86.43936,da74847dd716169b
PH000566,W00703,2023-12-23,27.28513,82.05412,b0afab3327d36235
PH000567,W00704,2026-03-10,29.62716,86.39525,b7656d89307647c1
PH000568,W00705,2023-12-13,29.42319,86.39014,c06fb475abd2e0f3
PH000569,W00706,2025-12-19,29.52211,86.14977,a6c597c56210c466
PH000570,W00707,2025-07-20,17.37373,83.02719,a96b660a9c53ba74
PH000571,W00711,2026-02-15,21.86091,72.67819,2431dfec70fea67e
PH000572,W00712,2024-07-23,27.88799,83.17513,a750ccae130d21f8
PH000573,W00713,2024-10-05,27.49878,82.08078,7065a8786309e14d
PH000574,W00715,2024-12-22,21.9533,72.62342,e4f2eeae045bfbe4
PH000575,W00716,2025-05-14,29.65674,86.41235,cdbaa75c63603a43
PH000576,W00717,2025-05-02,29.66147,86.26269,5d1bda52dbab2ca0
PH000577,W00718,2024-12-17,26.64786,78.87429,a57e6da3f0d60524
PH000578,W00720,2025-05-25,16.55484,87.66854,31d9c1c1631bdbca
PH000579,W00721,2025-12-05,23.3873,72.9425,b1fea4117c34ea10
PH000580,W00723,2026-01-18,26.39025,77.71758,fa6d0d40668ba1f2
PH000581,W00724,2025-08-09,17.40558,82.82653,fefd8d30d433c13a
PH000582,W00726,2023-10-14,16.86188,79.12146,d7d81e14cd776a70
PH000583,W00727,2026-03-06,23.4206,73.09417,a1b87e51bdb85ef1
PH000584,W00728,2025-04-09,24.68645,85.22117,903dedf7ce12faad
PH000585,W00729,2023-10-31,24.79032,85.09564,e96a7c3e28c130f5
PH000586,W00730,2024-03-13,23.36499,73.03423,80696ca2dc1e6bbb
PH000587,W00733,2026-02-25,26.38415,84.67129,98de0f5e0360a59d
PH000588,W00734,2024-04-23,16.43186,87.48356,d91d1b733309ffbd
PH000589,W00735,2023-10-26,16.46949,87.61487,ed8417a7cdfac1cf
PH000590,W00737,2024-07-28,21.577,75.69518,24fba45063ad4f05
PH000591,W00740,2026-05-21,26.24048,77.62039,181b30146a3b456c
PH000592,W00741,2025-06-02,26.62648,79.1153,ca72ee3248cba771
PH000593,W00742,2024-06-06,16.47685,87.55947,b8df806506c3d04f
PH000594,W00743,2026-07-05,23.38754,73.15932,a2ff5a2694bdd7fe
PH000595,W00744,2025-12-20,16.79476,79.30838,9f2296bcbce82087
PH000596,W00745,2025-04-02,16.42701,87.66504,671e0e87877539a6
PH000597,W00746,2023-11-06,22.11332,72.74221,638e189c8dcf4401
PH000598,W00748,2025-12-16,22.14647,72.61502,81b9fa3bb8407819
PH000599,W00749,2024-01-26,23.19799,72.97479,033fe197938c7275
PH000600,W00750,2026-03-13,16.32217,87.51332,3fd10f28db9a03f5
PH000601,W00751,2024-01-02,21.9396,72.63174,bbd6b2d3194d42e0
PH000602,W00753,2026-08-28,22.08815,72.80149,6efab8a5b82b2d8f
PH000603,W00754,2023-11-26,26.30823,77.62376,9aea2edba6b40207
PH000604,W00756,2024-06-09,29.47957,86.25368,75e4543bc0275cff
PH000605,W00757,2025-12-19,24.53122,85.28113,c1c4a209c8f750a9
PH000606,W00758,2025-04-02,27.38616,82.23377,bab361f40c5a80c3
PH000607,W00759,2025-12-23,27.88464,83.19668,8aefe2ee6c6e866c
PH000608,W00762,2024-02-04,16.47423,87.50721,e71f30bf642c4131
PH000609,W00763,2024-04-19,26.61682,79.07067,e4f576ebc7f6a529
PH000610,W00764,2024-10-23,27.37758,81.97079,b86d2d72656da09a
PH000611,W00767,2026-02-10,27.3626,82.09833,e4862dafbc991b0f
PH000612,W00768,2025-03-28,24.72979,85.29905,9d75f6146fa0b0fa
PH000613,W00769,2025-01-30,26.57727,78.93909,1e199f8f56ddf034
PH000614,W00770,2024-07-30,24.51411,85.10649,aa529ffeb5164b96
PH000615,W00771,2026-05-22,22.13263,72.80825,bdf1694ee27b558d
PH000616,W00772,2025-12-21,24.68062,85.07728,32c4e20ef5ac64be
PH000617,W00773,2024-09-20,22.10041,72.70412,7ec1d8ff61826791
PH000618,W00774,2024-03-23,27.42103,82.19425,e2f5b321c9091edb
PH000619,W00775,2025-06-26,26.51493,77.55889,6ad74941da51748d
PH000620,W00776,2024-12-31,20.58742,86.89071,c2f0c5b896333669
PH000621,W00777,2025-03-24,17.28131,83.07059,236fa4805b3ca975
PH000622,W00778,2023-12-22,17.32955,83.0082,10c75127a9a8b8ea
PH000623,W00779,2024-06-16,27.78418,83.22356,137dc70f6b6da947
PH000624,W00780,2024-05-12,21.78163,75.74311,8ff036014a658b12
PH000625,W00781,2024-02-07,29.48021,86.42922,3a1036dd2686b0df
PH000626,W00782,2026-08-11,27.5021,82.23873,0c7cebe33ce9256d
PH000627,W00784,2025-05-21,27.92889,83.17139,05ee4a428fcba6d9
PH000628,W00785,2026-02-03,27.42162,82.06656,786d1e497ee59dee
PH000629,W00786,2023-09-20,17.2478,83.02473,e65e7f1ac121f6ab
PH000630,W00787,2025-03-20,29.62227,86.20178,475838a53ac92dd9
PH000631,W00788,2024-05-03,24.5115,85.24774,f924fa85c5c225d6
PH000632,W00792,2025-11-07,26.52805,75.05971,6999166bda9fca80
PH000633,W00793,2025-10-26,16.96532,79.29459,e2c322029b92d7b4
PH000634,W00796,2023-08-03,24.6174,85.17731,52892c9ce7dc9684
PH000635,W00798,2025-08-11,20.42844,86.77158,13c99c2b7a95501c
PH000636,W00799,2024-05-06,27.48439,82.15048,24daddf285ca05ee
PH000637,W00800,2025-06-01,21.68288,75.54762,8a92ecf589e826ee
PH000638,W00801,2024-08-18,23.32637,72.87049,f391e6f3ed895b36
PH000639,W00802,2024-03-18,21.79968,75.50355,411cafa0f5a5a114
PH000640,W00803,2023-10-07,28.02251,83.04025,bf6524114a7721e6
PH000641,W00804,2025-01-20,26.73332,78.89414,44b5295a289d5a79
PH000642,W00805,2023-09-15,23.20407,73.0891,53967c575f921cce
PH000643,W00806,2025-08-31,17.2396,82.81587,fbd118dc03888a40
PH000644,W00807,2024-12-19,21.99788,72.59368,c176fd33f1eb6fff
PH000645,W00808,2024-10-08,27.85561,83.04751,9133b0656a4424f9
PH000646,W00809,2024-01-06,24.56366,85.02954,c1fe6ab9044abbce
PH000647,W00810,2025-04-01,27.55904,82.06538,6b9cc61d198eb4b6
PH000648,W00811,2025-10-14,23.33037,72.97155,d6094bd74d6bfb1e
PH000649,W00813,2025-01-23,16.85244,79.10667,94636e7a029b7673
PH000650,W00814,2026-06-11,29.70654,86.30843,a5270f4a6f6459ba
PH000651,W00815,2023-08-17,23.42744,72.94218,03bdb1ce416b6ab4
PH000652,W00816,2024-08-06,22.09607,72.82063,9e324641ecd6a2d1
PH000653,W00817,2025-07-30,16.38458,87.51388,2a6c434c6e390f5e
PH000654,W00819,2024-06-01,20.52819,86.80102,82a2650d3bb77a50
PH000655,W00820,2026-01-20,27.42957,81.98634,1a3686a4b17cb140
PH000656,W00821,2025-12-17,21.89173,72.60011,49fb8bf2c88713fb
PH000657,W00822,2024-06-10,29.45185,86.31668,96505cc91cb2cd99
PH000658,W00823,2025-07-22,16.9501,79.07914,b5ace36919e401fd
PH000659,W00825,2024-06-28,16.77926,79.20599,abd0bb50515f70f9
PH000660,W00826,2024-02-08,23.28832,72.90634,61c8f583aa34f43f
PH000661,W00827,2024-02-14,22.13467,72.62069,82e83ad52d5ae7ea
PH000662,W00828,2024-10-13,21.63405,75.56253,b8c84c4967e20ad4
PH000663,W00829,2024-07-18,21.99208,72.77648,f0df2a2be782c93a
PH000664,W00830,2025-07-12,16.55022,87.52284,c2a2188cb6988df6
PH000665,W00831,2024-08-04,23.18279,73.08914,ecec399883c88d9d
PH000666,W00832,2025-08-06,16.46309,87.65102,9f8a9605ee10179b
PH000667,W00834,2026-05-08,23.44523,73.08442,83fe60ce7007ae3e
PH000668,W00837,2025-07-09,26.4327,84.6354,e6a91829d605147c
PH000669,W00839,2026-05-20,21.74879,75.49287,b39c547a5941964d
PH000670,W00840,2024-03-25,20.57792,86.7847,58508108a6ebcbba
PH000671,W00841,2024-01-14,27.38658,82.25199,90ea254718328478
PH000672,W00843,2024-11-19,21.7053,75.58931,38cf32d838af86fa
PH000673,W00844,2024-10-07,27.27075,82.05616,78fac2d57fd6d6a1
PH000674,W00845,2025-09-04,26.65335,75.16196,6a0b99d032db1a09
PH000675,W00846,2025-06-25,27.82406,83.16511,fdb7bcbf75e814e2
PH000676,W00847,2024-06-21,27.56458,82.06834,be2a8ab1948fec42
PH000677,W00850,2026-02-27,21.97816,72.83337,7758c07ba981c1fb
PH000678,W00852,2024-11-05,23.42802,73.07584,22c76a49ba3e0f6b
PH000679,W00855,2025-04-30,17.31848,82.85529,b2f47b4efe0ece11
PH000680,W00856,2025-06-24,16.36589,87.46756,cf37969140637693
PH000681,W00858,2026-05-31,26.23488,77.7695,b1f975063da6e648
PH000682,W00859,2025-01-29,17.19672,82.8723,965affaed58b92a6
PH000683,W00860,2025-05-10,26.66799,75.07064,2e0b408fe854063b
PH000684,W00862,2025-10-11,16.51862,87.72911,7f687621648259d0
PH000685,W00865,2024-04-03,23.36717,72.90278,bdff85b7b36cd141
PH000686,W00866,2025-11-09,21.60386,75.67682,c6f1719e26bcde8e
PH000687,W00867,2025-01-30,17.19162,83.0,0c9a3c7e94be4792
PH000688,W00868,2025-05-09,20.59214,86.8681,fd927a99155340ea
PH000689,W00869,2025-11-23,29.50602,86.15799,650482f102a2e682
PH000690,W00870,2024-12-07,21.50836,75.7165,f008e27c0139627a
PH000691,W00871,2023-10-21,29.49276,86.27411,e5a42dda8734a925
PH000692,W00874,2024-07-13,21.68765,75.73986,e5062b6a18c50109
PH000693,W00875,2023-08-23,21.70224,75.68555,9b8dd2c63bcdd015
PH000694,W00876,2024-09-15,21.95871,72.62119,d4ecf86d064c3172
PH000695,W00877,2025-02-19,24.57165,85.19236,9a8e8222c80ce19f
PH000696,W00878,2025-12-07,17.39557,82.94671,4fd1bf3e711ae8b1
PH000697,W00879,2024-07-06,27.47848,82.03882,cd99cf14d1296a37
PH000698,W00880,2024-11-03,16.42029,87.50182,2200a891d2f59985
PH000699,W00881,2026-05-25,23.2405,72.92928,a5b7284d73e002b1
PH000700,W00882,2026-04-26,21.79449,75.64694,770126887c5b60f2
PH000701,W00885,2024-05-01,22.02317,72.60498,c8a19e23418d1455
PH000702,W00886,2025-05-13,23.43433,72.97911,ba1ee4b4b3243f10
PH000703,W00887,2026-08-15,21.87797,72.79614,dc49221999d44f02
PH000704,W00890,2024-02-19,16.41796,87.66308,f2c6b08d957f6a10
PH000705,W00891,2025-08-12,29.43749,86.33107,c002ce315d4cf300
PH000706,W00892,2025-05-13,20.44787,86.6986,d19ff3747287aeee
PH000707,W00894,2025-06-19,16.93275,79.21635,7aeb28b51c782e13
PH000708,W00895,2024-05-16,17.44544,82.98729,128bc333b7d4755f
PH000709,W00896,2025-01-16,21.55446,75.70585,2d80718f473d8b31
PH000710,W00897,2026-05-27,21.73575,75.78077,e223e2528bc0c878
PH000711,W00898,2023-10-26,27.48525,82.00141,aca5106e9f2a42fa
PH000712,W00899,2024-06-04,24.75084,85.06258,702b62dac22fc54b
PH000713,W00901,2026-05-20,27.38657,81.98853,355fa2e900618e42
PH000714,W00903,2024-09-24,22.013,72.67092,638bcb88982ccec6
PH000715,W00904,2024-08-22,23.20412,73.09825,64c26add30f6d181
PH000716,W00905,2026-02-06,29.55741,86.22031,62cbacc03d9754c3
PH000717,W00907,2024-08-31,21.8579,72.60487,090953f3e54de7f8
PH000718,W00909,2025-09-14,23.24249,73.13682,49ec0d0452f93041
PH000719,W00910,2025-01-18,17.18982,82.89084,cc958b70921bf441
PH000720,W00911,2024-08-08,17.21597,82.93786,500e5bb19d363df5
PH000721,W00912,2026-02-04,21.57331,75.52247,4f5835012f50e6b7
PH000722,W00913,2025-10-26,27.27782,82.13685,549393059caf59c7
PH000723,W00914,2026-07-19,26.62079,75.07835,eefa25d7d457bb18
PH000724,W00915,2025-05-24,17.43915,82.93623,7bb860906c415cdd
PH000725,W00916,2026-07-02,23.23923,73.08587,d0d3396ceaac1983
PH000726,W00917,2025-09-18,21.56468,75.54212,3ffbad907599266a
PH000727,W00918,2024-01-24,27.8386,83.05272,1f0ee8aa30a73728
PH000728,W00919,2025-08-06,26.54714,75.24293,0f22be597bc9f9f0
PH000729,W00920,2026-03-21,17.23781,82.83734,459b9fd598b5f127
PH000730,W00921,2025-08-21,29.48009,86.40012,85fedcea2077a76d
PH000731,W00923,2024-08-14,17.34502,82.99141,76cf9d2ca9702ebe
PH000732,W00924,2026-02-28,16.86774,79.14885,ac8050fe33a017e8
PH000733,W00925,2024-06-21,21.79231,75.68511,54eccfd3d9a266df
PH000734,W00926,2023-11-12,27.82116,83.09501,ec9b5985bac69128
PH000735,W00927,2024-05-03,17.41183,82.85656,e2a0a58cc0df1a8b
PH000736,W00928,2026-01-28,21.89187,72.68505,2e6d9744bd8cb002
PH000737,W00929,2025-06-12,26.45185,84.47999,b42cc0633818c8dc
PH000738,W00931,2025-02-19,21.93423,72.65649,31a405733d4a150f
PH000739,W00932,2025-04-10,22.03017021351448,72.32356329275515,fca097b2c4a6f71f
PH000740,W00934,2025-07-07,21.93614,72.64471,67270fd6036001eb
PH000741,W00938,2024-08-27,22.13875,72.61988,404ba5833afad453
PH000742,W00939,2025-12-27,20.46693,86.89357,c862dd19f2bda544
PH000743,W00940,2025-08-28,16.81865,79.20714,6c9367f3586fdab4
PH000744,W00941,2026-01-13,27.7689,83.07456,ebd94176dd61115a
PH000745,W00942,2025-11-10,26.52629,84.53729,2d68234c7f0174a7
PH000746,W00943,2023-09-22,21.5941,75.50878,574d121f7e489e10
PH000747,W00944,2024-07-14,26.33541,77.7877,7db3020e79ed0c89
PH000748,W00945,2024-11-26,23.17335,73.11819,c1cb3f47dfbe7af6
PH000749,W00946,2026-08-30,21.64197,75.75215,9d6401f80f769f82
PH000750,W00947,2025-02-01,23.21459,73.03705,9208c7988456987e
PH000751,W00948,2026-05-21,26.72626,78.93048,d94f0a9c78cd2237
PH000752,W00949,2025-11-14,21.56401,75.50022,45ee997e842c7246
PH000753,W00950,2024-04-11,21.99424,72.54941,8b4a31847def3dd2
PH000754,W00951,2025-11-26,21.99559,72.76093,96bdab58dbc45040
PH000755,W00952,2025-04-20,16.47647,87.63186,f1b7f2a54440a8bd
PH000756,W00953,2026-02-02,21.72288,75.70169,c3fd6b2061528ba6
PH000757,W00954,2024-12-18,17.40086,82.85026,b50550dfe9db0abf
PH000758,W00955,2024-07-18,27.35909,82.19218,49f52a9578b740ac
PH000759,W00956,2026-07-31,16.86626,79.32545,00b806f305cbdaaa
PH000760,W00957,2023-12-07,21.99085,72.63868,ae52c6af721fb6e8
PH000761,W00959,2025-04-12,27.53046,82.22353,b0e18afc9f3708b4
PH000762,W00960,2026-03-08,26.63546,79.16764,2aedad26689ce119
PH000763,W00961,2026-03-02,29.45052,86.14978,ff6fdf7db9e01a95
PH000764,W00962,2024-03-03,17.01692,79.21458,eebf8fc9a7bcc59a
PH000765,W00963,2024-01-12,17.2809,83.03015,b63a9b1151cc932b
PH000766,W00964,2025-06-02,17.06758,79.06264,e3903da0ad4a356c
PH000767,W00965,2024-07-28,21.64914,75.65402,75ce0d9ecbef05df
PH000768,W00966,2026-03-15,24.5667,85.21963,4d0cd05c62ff17a8
PH000769,W00967,2024-11-19,29.4457,86.21647,0e09027c830e6c53
PH000770,W00968,2025-04-30,21.50823,75.73441,6292e6d96c0b2809
PH000771,W00969,2025-03-15,26.44211,84.59722,44139a34fbbf8995
PH000772,W00970,2025-09-11,26.39339,77.58555,000e07e199262cae
PH000773,W00971,2025-01-14,29.70332,86.2798,6a8a6d2fab321ac8
PH000774,W00972,2025-05-03,17.1979,83.01455,ae05aabd0d97e39a
PH000775,W00973,2025-08-26,22.12654,72.82551,5fb901362677b6a1
PH000776,W00975,2024-03-15,23.28588,73.06002,c3d47002d471f13b
PH000777,W00976,2024-02-12,26.40599,84.49989,41c7ec28fe96dc62
PH000778,W00977,2025-03-07,24.78052,85.30829,0d46ee90eaf862dc
PH000779,W00979,2026-04-03,21.96435,72.56832,c4663e6246aaef54
PH000780,W00980,2024-09-19,27.43067,82.19215,d4e2305cfc379fa7
PH000781,W00982,2026-06-22,17.18354,82.88321,602303aa0c218b8a
PH000782,W00983,2024-12-29,21.64212,75.53174,50144974230ab2c8
PH000783,W00984,2025-05-10,27.32815,82.23763,b5b0f02dbbfe19a2
PH000784,W00985,2024-04-22,17.40468,82.83398,91629f3a6c1f2d97
PH000785,W00986,2026-02-15,16.39087,87.57937,f8ee74dfcce0fa55
PH000786,W00987,2024-05-03,16.40447,87.59132,357cafb026964a5a
PH000787,W00988,2024-04-26,23.41039,73.00634,5a5c975153025107
PH000788,W00992,2024-09-25,17.06497,79.32551,f25adc80a72d9294
PH000789,W00993,2026-05-19,27.87843,83.25276,b9544952db0c43da
PH000790,W00994,2025-06-18,16.49125,87.59618,db46224c6b3f76ac
PH000791,W00996,2025-04-17,22.07258,72.58153,6d15e4c06ad607fb
PH000792,W00998,2024-02-25,16.95454,79.3151,914789d90ae5a7b6
PH000793,W00999,2023-11-11,21.66731,75.68298,52233cc7fb9b04d6
PH000794,W01000,2026-02-04,21.85381,72.71992,d23931b8e2eec8ec
PH000795,W01001,2024-04-04,29.64324,86.41219,058f33ea43e8b407
PH000796,W01002,2024-09-17,27.38026,82.23717,7bcc4accacfc24a1
PH000797,W01003,2025-12-08,27.31302,82.05508,1766d9f4df64a650
PH000798,W01004,2025-07-26,23.43769,72.92667,50ffcc22bc4b8090
PH000799,W01005,2025-02-09,21.74108,75.49459,5958ba9de5a16459
PH000800,W01006,2024-03-27,21.99382,72.73653,db2d057968d873e2
PH000801,W01007,2023-11-09,23.41091,73.02697,3865abdba0ba43e2
PH000802,W01008,2024-03-31,24.58417,85.19095,65f93feb42537b1d
PH000803,W01009,2025-10-07,17.25537,82.99073,c5efb42c6aa95513
PH000804,W01010,2026-04-02,16.82422,79.18408,28f973f61e15c886
PH000805,W01011,2023-11-08,16.97773,79.15649,4ec573e0a81d08b4
PH000806,W01012,2024-01-26,23.40931,72.93573,72efc613477b614f
PH000807,W01013,2024-10-10,24.77622,85.09754,458b21d70d73b62c
PH000808,W01014,2025-08-08,23.33359,72.95063,cbd5da85a40c14c5
PH000809,W01015,2025-07-06,17.33424,82.84776,b928bce7d6589044
PH000810,W01016,2026-02-12,27.33434,82.11384,806dbfcb46d32772
PH000811,W01017,2024-05-16,29.505,86.36759,9cf33d4dac2dc2cb
PH000812,W01019,2025-08-26,26.65353,75.14803,e4c3e7388e239aeb
PH000813,W01020,2025-11-30,16.53642,87.72788,13fe9b441fd35365
PH000814,W01021,2026-03-30,16.95827,79.17073,14d44d1fab79e962
PH000815,W01023,2026-04-16,17.31245,83.0745,59a8d6eb8ebe477c
PH000816,W01025,2025-09-17,17.33678,82.87832,ac383053ef46c06f
PH000817,W01026,2025-03-20,24.68965,85.22613,e945d94b13fe87ce
PH000818,W01028,2024-02-03,29.58289,86.39945,67ee0fb8418c23e5
PH000819,W01029,2024-06-23,17.44081,83.06891,039a92308c590d63
PH000820,W01031,2025-04-25,29.63264,86.22593,e6153fd913229071
PH000821,W01032,2025-09-15,29.53495,86.23714,6f655c2a4e8be121
PH000822,W01034,2025-02-05,29.50947,86.42892,45f341f6d0ec546f
PH000823,W01037,2026-01-09,27.46317,82.13762,1decc1709a8331ae
PH000824,W01038,2023-12-28,24.63639,85.20786,c12346ef10354560
PH000825,W01039,2025-07-09,17.45275,82.86911,7f0f226c06b369a4
PH000826,W01040,2025-10-16,24.78603,85.27149,8253d50210501f6a
PH000827,W01041,2024-07-14,23.37301,72.90865,cafa45c3ca6fea9e
PH000828,W01042,2025-11-03,27.2759,82.22964,fb627b3ff3c8c4dd
PH000829,W01043,2026-01-09,17.16849,83.04356,28eb7f102ed73c16
PH000830,W01044,2026-01-10,17.29614,82.99196,99a23a754892ee97
PH000831,W01045,2025-07-12,21.78259,75.63603,12b259c52404fbac
PH000832,W01046,2024-03-12,21.8998,72.58102,0d820fddcbb2c547
PH000833,W01047,2024-05-28,23.41044,72.90809,450e7b9114d0a277
PH000834,W01048,2024-11-15,22.07708,72.66155,73f0268fb2e9c5ce
PH000835,W01049,2023-12-11,16.48895,87.47823,83301548be385812
PH000836,W01050,2023-10-26,24.7456,85.03833,9f1b6d8a40084d92
PH000837,W01051,2025-09-05,16.90845,79.2904,f259968c1807f686
PH000838,W01052,2023-12-11,23.4341,73.03483,40d88f581e305f0b
PH000839,W01053,2025-04-07,27.82689,83.29795,81d96f507852bbc8
PH000840,W01054,2026-07-05,16.41454,87.4817,f99552edc9d715bd
PH000841,W01056,2025-12-17,17.41827,83.01526,b642a0483662caec
PH000842,W01057,2024-03-15,21.88287,72.61796,e4d11595199cea4c
PH000843,W01058,2024-07-01,23.2119,72.97314,fea68c77b29b9430
PH000844,W01059,2026-01-06,27.27656,82.02998,22375273f300cc95
PH000845,W01060,2025-08-08,16.92563,79.27646,ea79cc8438ff24a9
PH000846,W01061,2025-01-26,27.31413,82.11357,cbe65a45b1e9217b
PH000847,W01062,2024-06-04,29.46308,86.381,0b26cbdeff515e39
PH000848,W01063,2024-11-06,21.76828,75.57657,fd82a95f3a9af9ee
PH000849,W01064,2024-05-28,23.213,73.08242,5550e7ec6ac2e7cd
PH000850,W01065,2026-06-23,17.38116,82.82448,695c7b9fff170227
PH000851,W01066,2024-02-08,21.96419,72.70485,a47456367366e881
PH000852,W01067,2025-03-28,16.50911,87.73969,1eed6f09b7a2ec49
PH000853,W01068,2024-03-03,29.43281,86.40729,ff8896c581560c09
PH000854,W01069,2024-12-25,23.42418,72.96966,cf3e3219f7b5cd89
PH000855,W01070,2024-11-01,16.42535,87.71015,2a40e82c47e6b381
PH000856,W01071,2025-10-12,26.36584,77.64905,fdaf1267c101d509
PH000857,W01072,2024-04-07,26.472,78.89813,ceb47ccf0d4ab352
PH000858,W01073,2026-04-27,29.44488,86.35194,e198666093c27e5b
PH000859,W01074,2024-06-30,26.57492,75.17244,2149c4d644125cc0
PH000860,W01075,2025-12-08,21.68394,75.75232,8b9afc33b1c6c274
PH000861,W01076,2024-10-31,21.58105,75.59313,dc2714950e2dc01b
PH000862,W01077,2025-08-12,28.00224,83.24626,1cfee49385f411e7
PH000863,W01078,2024-03-14,24.5794,85.16477,bd81dedb289e7bd2
PH000864,W01079,2026-07-21,27.47714,82.13468,2a3e54397afc6155
PH000865,W01080,2024-02-14,21.98202,72.60893,367a9d4a45e4672d
PH000866,W01081,2025-04-12,27.86656,83.22735,f05363b48baf6e54
PH000867,W01083,2026-04-01,22.08235,72.61598,00e98dc441ba053a
PH000868,W01084,2024-11-04,27.84342,83.14947,bb70f125700687f4
PH000869,W01085,2025-07-14,24.62632,85.0414,1aec09a14d7ff506
PH000870,W01086,2024-12-30,20.45737,86.76467,e5c52a63df2caef5
PH000871,W01087,2025-01-22,20.70629,86.7762,3b492cbbe41ccc14
PH000872,W01088,2024-07-23,26.43536,77.796,4e605e8c584c2871
PH000873,W01089,2024-09-28,27.36523,82.05931,0a9692ac8f2e12bb
PH000874,W01090,2024-06-12,16.81359,79.35426,1b00281cc2d1b780
PH000875,W01091,2024-11-11,27.40213,82.16013,a8d0cbe03a245fed
PH000876,W01093,2024-09-30,16.83619,79.27824,e46f8ab4942c8ea4
PH000877,W01094,2026-08-09,16.88602,79.29128,9d70004dc6b3035b
PH000878,W01095,2024-11-22,16.27949,87.4862,38ecdbb5fcdd1ffe
PH000879,W01096,2025-05-19,26.70353,75.0577,841bc035309536c2
PH000880,W01097,2025-10-08,26.50815,77.55586,bc5582e1726b57f0
PH000881,W01098,2026-05-03,17.43387,82.86508,bd35c7f203c7fb03
PH000882,W01099,2026-07-08,26.72851,75.25139,e6227db771e3efaf
PH000883,W01100,2026-07-26,26.2877,84.60853,cbf72fd65cb92b3d
PH000884,W01102,2023-08-31,29.41103,86.32815,abf0eeb0b562ee5b
PH000885,W01103,2026-07-22,16.41088,87.56409,e0de70cae8bd4ce0
PH000886,W01104,2024-12-06,29.59457,86.29905,cd5369277771cf4d
PH000887,W01105,2023-10-03,26.29311,77.53258,132bf80381f22dee
PH000888,W01106,2026-04-23,29.4652,86.21273,98276a1f54ebae53
PH000889,W01108,2025-03-27,23.22438,72.89048,e06f1ac66e85ebe3
PH000890,W01109,2025-05-20,23.32526,73.15936,d28b44c0f1be4b84
PH000891,W01110,2026-06-15,27.44906,82.16251,ea098639d45f702d
PH000892,W01111,2025-11-08,23.34632,73.15869,09fd298fd9ddaf25
PH000893,W01112,2024-11-11,17.39981,82.7896,8b54c2caf9daa97f
PH000894,W01113,2026-05-06,23.25454,73.08535,438ce2b6b5c85199
PH000895,W01115,2025-10-16,21.95682,72.66879,755f17f4eb8b0119
PH000896,W01116,2025-01-09,21.69258,75.75287,a4bc9b0f30ceba62
PH000897,W01117,2025-02-22,16.93012,79.1864,0bb58a0b68cfcf62
PH000898,W01119,2025-04-06,22.00323,72.65081,23f94615ca458644
PH000899,W01120,2024-03-02,17.03648,79.20894,e288586ab18a7d2e
PH000900,W01122,2024-04-14,27.4498,82.11355,b5c3341539412783
PH000901,W01123,2025-03-18,23.45547,72.88481,7a83e02014fe0e9c
PH000902,W01124,2024-02-28,24.59199,85.15113,55dde32ddb9d3c2d
PH000903,W01125,2025-04-05,21.56404,75.67634,87e837c3b8f8cbcd
PH000904,W01126,2025-05-23,22.08998,72.82947,b8a6f2d65836aca6
PH000905,W01128,2025-05-28,29.6211,86.37587,783e8b787ecec040
PH000906,W01130,2024-05-20,23.37295,73.14079,a58965b8c11a5f5f
PH000907,W01131,2026-05-02,27.88005,83.12295,833dd148c99924e7
PH000908,W01133,2024-02-19,23.35828,72.96409,27ecfbaab49489d0
PH000909,W01135,2024-10-01,23.30943,73.09293,4321df514788415b
PH000910,W01137,2025-06-24,27.29598,82.2105,f50a1fcb6f7f34a8
PH000911,W01138,2026-04-11,29.54671,86.43888,dc38a8832c1055f4
PH000912,W01139,2026-02-09,23.30279,73.1373,0005d7c01f0bdbed
PH000913,W01140,2025-04-06,21.9031,72.59627,c3827a3368c1015b
PH000914,W01142,2025-07-23,16.3618,87.55617,192bfd544589aff2
PH000915,W01143,2024-09-01,28.02285,83.21449,b47d9b7823091e94
PH000916,W01145,2025-07-19,16.49058,87.6651,e6bc67642cb07a1d
PH000917,W01146,2026-05-02,29.53707,86.16331,2255ae773c0dbaf9
PH000918,W01147,2026-03-23,17.28915,82.9217,8199f8233c53ee90
PH000919,W01148,2023-12-05,17.42381,82.83334,0e90a86d28230485
PH000920,W01149,2024-10-25,27.2794,82.24423,85d8a4129fc58044
PH000921,W01150,2024-01-16,27.47291,82.17403,04df2b6e22466a91
PH000922,W01151,2024-10-10,21.54649,75.62704,224dec4fc40e62f7
PH000923,W01152,2026-04-30,23.31883,72.92987,bf286b62dabfb130
PH000924,W01153,2026-03-16,21.9744,72.58301,b3ac58ff7f2ccacb
PH000925,W01154,2026-05-19,27.45749,82.16189,bf5458de7bddb40e
PH000926,W01155,2024-02-23,29.64862,86.26541,e90020e394c68d89
PH000927,W01156,2024-06-03,27.33122,82.08145,0b18036c087b710d
PH000928,W01157,2024-06-16,27.53283,82.23667,613cf6f32039eea7
PH000929,W01158,2026-04-10,27.31897,81.98236,0086f165803e65de
PH000930,W01159,2026-05-08,21.96302,72.60537,23da84f9e65530d8
PH000931,W01160,2024-05-01,27.37708,82.02739,14f7636fcf7b45eb
PH000932,W01161,2025-10-08,23.22958,73.06232,cf026d5b36a18f87
PH000933,W01162,2026-05-17,21.49918,75.67895,c712e3e886ea9479
PH000934,W01163,2025-05-23,22.11488,72.85262,84015dc0032f6c62
PH000935,W01164,2023-10-30,24.6715,85.1383,3126f16c756a2332
PH000936,W01165,2024-05-03,16.50631,87.59326,9b464b094bc7ae56
PH000937,W01166,2023-12-03,23.20897,73.11114,7f9e58c9e466d203
PH000938,W01167,2025-12-28,21.9174,72.76877,495e7e57cf08967a
PH000939,W01168,2024-08-09,23.42772,73.06283,39108bfdc724e2ae
PH000940,W01169,2026-01-23,20.41097,86.7547,daeb2fe05aa32247
PH000941,W01172,2026-08-09,27.30156,82.01736,50ceed577d2442b9
PH000942,W01173,2024-04-02,23.21613,72.92431,3cb1853db07493d5
PH000943,W01174,2024-05-28,26.41754,77.6189,d1fb40c09edb30f4
PH000944,W01175,2024-07-11,21.62207,75.64672,27b7817fb488960a
PH000945,W01177,2025-02-22,28.00495,83.1948,ea00d9af74306f1e
PH000946,W01178,2024-10-16,17.21745,82.96026,2210ffda3163b381
PH000947,W01179,2026-03-11,29.64394,86.25046,c77b663719f3710a
PH000948,W01180,2024-09-28,27.5415,82.00482,0dbcf4dc098a660e
PH000949,W01181,2024-11-09,17.37482,82.82852,7ac4455dc22bd01c
PH000950,W01182,2026-04-18,17.44569,82.95325,6988254087961de7
PH000951,W01183,2026-04-09,21.88288,72.74865,0dd53675a5d855eb
PH000952,W01184,2025-08-08,22.11586,72.58977,844c7233117d464c
PH000953,W01187,2024-06-29,23.2241,72.90185,d551ebe889a96b39
PH000954,W01188,2024-09-04,17.38638,82.87136,c1b7967333a01652
PH000955,W01189,2025-10-23,23.40062,73.03284,a85ea944de9896b9
PH000956,W01190,2025-11-10,27.83085,83.08795,35519d6b1ca4add4
PH000957,W01191,2023-08-17,24.57755,85.10006,778a1b808b33ef02
PH000958,W01193,2026-08-23,24.77774,85.06622,d909134661355157
PH000959,W01195,2024-08-21,29.58146,86.27164,33e7c76842e930c7
PH000960,W01196,2025-07-01,17.17401,82.92146,50b9c9bee7e7d5e5
PH000961,W01197,2025-01-26,27.41599,82.13791,c80e10c8a8f2d418
PH000962,W01200,2025-03-25,27.32646,82.0678,76f2f9009f3103bc
PH000963,W01201,2025-09-06,23.42059,73.13178,8b5892583af25108
PH000964,W01202,2025-02-05,20.45127,86.95943,363c08afb52018dd
PH000965,W01203,2026-02-24,24.63783,85.25458,fae7ef60df2b6b48
PH000966,W01206,2025-06-12,23.3679,72.96727,08dfd16f7b4e6a65
PH000967,W01207,2026-08-14,16.53013,87.59679,d9fac309fad1c3aa
PH000968,W01208,2024-11-27,17.27213,82.8496,63d2e0ba965657a5
PH000969,W01211,2024-07-02,21.67064,75.65616,fc02f24456d10c2c
PH000970,W01212,2024-12-25,21.70602,75.61958,3ee4d73501e82119
PH000971,W01214,2024-11-08,27.44853,82.19155,63f84b564918cd71
PH000972,W01215,2025-12-06,27.84932,83.25398,d7fda8ead0780d79
PH000973,W01216,2024-03-29,21.52175,75.71297,18ca889198a0c64f
PH000974,W01217,2023-09-27,16.38327,87.51578,c68e75b94d1660c4
PH000975,W01218,2024-06-23,27.50251,82.103,be19c9c70dfb3c1e
PH000976,W01219,2026-04-11,17.24233,82.85106,a561695c6c38f266
PH000977,W01220,2024-10-03,20.44543,86.71163,ce8ed4643d155995
PH000978,W01222,2025-03-15,16.54863,87.69119,a26373d90c1edaf4
PH000979,W01223,2024-09-29,23.24417,72.87992,12cf09e8793127ba
PH000980,W01224,2024-08-05,24.50841,85.2524,492b023b0596bb5e
PH000981,W01226,2025-06-14,16.37344,87.50013,092a8a2901692ed8
PH000982,W01227,2025-04-19,17.21386,83.01311,5a5a5436e5161091
PH000983,W01228,2025-01-25,20.51267,86.91849,faeb099ea6b33487
PH000984,W01229,2023-12-31,23.45115,73.03011,2a6132303a03f614
PH000985,W01231,2025-02-27,17.22228,82.86867,6fd31fc966a726ba
PH000986,W01232,2026-03-06,16.41124,87.53385,ee7bd11fb2ec0444
PH000987,W01233,2026-01-13,17.43175,82.78767,e7849ae5a7e13348
PH000988,W01234,2025-10-12,29.47676,86.43748,bfd0a286c14e81ae
PH000989,W01235,2024-03-22,27.55052,82.09598,e25e1a441093b09f
PH000990,W01236,2025-09-27,29.63438,86.22434,3b6235f444c368ae
PH000991,W01237,2025-02-25,24.75569,85.01424,93f5b1ce13aac800
PH000992,W01238,2025-02-08,27.95029,83.11364,1831f0603b2b7991
PH000993,W01239,2024-07-27,23.37011,73.06636,efecb32ca3867034
PH000994,W01240,2025-08-18,27.43038,82.15784,d4f52ebc79851100
PH000995,W01241,2023-11-22,27.8229,83.30674,51fbc9ccf2892c5c
PH000996,W01242,2024-12-11,24.62899,85.0876,cf5637c18e710b37
PH000997,W01243,2024-05-07,29.5112,86.1984,3192a7cf2bae7275
PH000998,W01245,2025-01-26,24.70426,85.28465,4e52e2dd2eabfc7a
PH000999,W01246,2024-06-10,23.30229,72.94488,1ad1e971dcf6d70c
PH001000,W01247,2026-06-30,27.5464,82.00965,b007401c10945988
PH001001,W01248,2025-12-12,27.36321,82.0558,a98dee8a67241a7e
PH001002,W01249,2023-09-14,26.5338,78.89552,8c2930b27e64b120
PH001003,W01250,2025-02-08,23.20491,72.90069,3a0ba278c91fe30f
PH001004,W01251,2026-08-13,27.48894,82.22493,0884f98486436dc1
PH001005,W01254,2025-05-19,26.59215,74.96954,9b52f3cf081153f1
PH001006,W01255,2026-05-15,27.49551,81.99079,8c348e3d241c2a99
PH001007,W01256,2024-06-27,27.75288,83.15416,eaa71937e26a6277
PH001008,W01257,2024-07-04,21.57524,75.57524,687564c0f399e729
PH001009,W01258,2024-04-13,27.83389,83.30034,4615a24cb68a5fac
PH001010,W01259,2025-05-31,29.51361,86.23183,c5d779c855fd528e
PH001011,W01260,2024-05-15,16.30075,87.7251,74f8ea5235441f1f
PH001012,W01261,2026-01-30,26.70091,75.10733,a29d806a4f77bd11
PH001013,W01262,2024-06-01,16.30414,87.53428,3356dc77ae0261d9
PH001014,W01263,2024-05-02,16.54649,87.56389,d73e05585be3520e
PH001015,W01264,2024-11-06,26.51557,79.10556,ca502466efc08a6c
PH001016,W01265,2025-06-02,29.50273,86.31332,2d1f992948979a27
PH001017,W01266,2024-05-12,29.52247,86.36929,dba5a14031b9e8cc
PH001018,W01267,2026-07-28,29.57204,86.20858,b6e54956f53c0448
PH001019,W01268,2024-05-28,27.3246,82.22835,b317fe4a9ba66f46
PH001020,W01270,2024-11-06,26.54831,75.25299,a6263aafc937b99e
PH001021,W01271,2026-08-28,17.27277,82.97791,1b0b96c82efaa9d7
PH001022,W01274,2025-06-20,21.94402,72.79619,37759f3920727e69
PH001023,W01276,2025-07-23,24.50895,85.22673,e1fc7076d102b7b0
PH001024,W01278,2025-12-02,17.20256,82.82039,10d46185b0fd5047
PH001025,W01279,2026-02-18,17.39968,82.85828,9dba72a680231b3b
PH001026,W01280,2024-06-08,23.35116,73.03935,4d5bc5b9990cc0b4
PH001027,W01281,2024-11-23,22.12913,72.61575,86f011bbf56d2361
PH001028,W01282,2026-01-28,16.27035,87.67573,2fc9201fde0b7891
PH001029,W01283,2024-09-13,16.29674,87.5278,cd902fdea05e094f
PH001030,W01284,2024-04-07,16.42081,87.49762,12eb44a0d176f9b6
PH001031,W01285,2026-08-30,16.37892,87.65452,7434b3edbbd85103
PH001032,W01286,2023-08-19,27.98426,83.30969,079f211a326cec73
PH001033,W01288,2025-09-27,29.57597,86.40178,01809a10224612b7
PH001034,W01289,2025-08-14,17.42316,83.0614,1d67b912bdad567f
PH001035,W01290,2024-12-10,29.5928,86.33826,558408b4888d0ce6
PH001036,W01291,2025-01-12,23.3008,73.12289,0b59e897b909baf8
PH001037,W01292,2026-01-27,23.24001,72.92011,91186ab560a89620
PH001038,W01293,2025-07-26,26.38527,84.47433,718ed6d67bb6828e
PH001039,W01294,2024-11-23,27.9089,83.29619,a5089975accfe46a
PH001040,W01296,2024-01-15,27.7301,83.07749,15bcc0a2f86ac023
PH001041,W01297,2025-10-06,27.886098891467274,84.92771488126878,91855f3c70f93623
PH001042,W01298,2025-11-14,21.5725,75.63299,1f7b84f31fb8e682
PH001043,W01299,2024-09-04,29.66949,86.27633,9e7781fe9d1190a1
PH001044,W01301,2025-03-29,16.47136,87.51374,7deccd559af5379b
PH001045,W01302,2024-12-20,26.54298,84.69448,0ddbacdf5ecc8bae
PH001046,W01303,2026-05-20,29.61921,86.33567,7a193d35447c3170
PH001047,W01305,2023-08-21,16.39211,87.75939,fd72f7d7ca8cca31
PH001048,W01306,2024-11-20,17.3417,82.92431,0d0924d0fbd1cc66
PH001049,W01307,2026-02-13,24.57065,85.03594,204cb6aee0a6e01f
PH001050,W01308,2026-08-17,23.41755,73.16093,87133f9013c948d2
PH001051,W01309,2025-11-23,27.4096,82.20804,232cd037c83b9c06
PH001052,W01311,2024-01-11,21.95905,72.56723,9db473f45c07cccb
PH001053,W01312,2026-03-26,29.48455,86.22223,d235daaf3133f414
PH001054,W01313,2026-08-27,16.52284,87.75375,7dc5cdcba60cc06f
PH001055,W01314,2026-03-13,27.81671,83.11945,2d947767f9a2960a
PH001056,W01315,2026-03-12,29.62816,86.36099,d6300326d87ae382
PH001057,W01316,2025-06-28,17.02311,79.14853,2aedad26689ce119
PH001058,W01317,2026-07-10,21.98325,72.56301,0cde631956bc2017
PH001059,W01319,2024-11-28,27.92139,83.22854,59fa0aedd1d58bf2
PH001060,W01321,2024-09-24,24.65545,85.07103,11fd2f452024157c
PH001061,W01323,2025-10-16,16.39587,87.60871,77b6d391e85ce151
PH001062,W01325,2025-02-03,21.7548,75.65427,dd2fcd60a34536e0
PH001063,W01326,2024-09-23,23.40508,73.03864,f3e554117b167875
PH001064,W01328,2026-09-01,27.37607,82.12399,68112411e88cb3a9
PH001065,W01329,2026-06-05,23.31568,73.03655,9fb3c93c91cc96c6
PH001066,W01330,2026-08-15,27.31295,82.05486,3867c5cd0b12ba75
PH001067,W01331,2025-02-22,24.56785,85.10631,12ee465cd605e05a
PH001068,W01332,2026-05-04,24.73456,85.30295,51fc3bc582c0f034
PH001069,W01333,2025-07-12,16.4626,87.67761,1c91db1cde7e3100
PH001070,W01335,2025-05-15,21.67974,75.67743,e95a2c2055c5fd54
PH001071,W01336,2025-05-23,17.16909,82.9136,03316f4602248c45
PH001072,W01337,2025-10-30,17.34661,82.84086,3687a941b1fd6a54
PH001073,W01338,2026-02-21,23.41124,73.1344,02eb3d9c7926fad4
PH001074,W01339,2025-07-28,21.55124,75.70557,1234e92a4ba30344
PH001075,W01340,2025-03-29,17.42725,82.90961,97c23fbcfae98eeb
PH001076,W01341,2023-12-13,27.80985,83.28669,22f0730351ffbc30
PH001077,W01342,2025-08-01,16.54846,87.48901,b3778a2d47e04997
PH001078,W01343,2025-04-13,23.31122,73.06272,d29b4495d921d78e
PH001079,W01344,2026-06-06,21.88958,72.6814,1487cacfc340c5ce
PH001080,W01346,2026-04-04,21.89183,72.84151,2d93d29ebf3bb562
PH001081,W01348,2024-02-03,29.59318,86.41115,1d6d5a26aeb5962f
PH001082,W01349,2025-10-22,16.89619,79.15656,d87b99255caac8b6
PH001083,W01350,2026-08-12,27.30638,82.01742,274cc8f80dbbb5bc
PH001084,W01351,2025-11-29,21.9609,72.75567,9087eaccacb6fc6f
PH001085,W01352,2026-05-02,16.3276,87.73916,3e761b8b160cda07
PH001086,W01354,2026-03-18,20.47666,86.87248,cc719ec504a28f53
PH001087,W01355,2024-08-29,17.01167,79.33138,b80359f299a6f749
PH001088,W01356,2026-04-25,17.34676,82.97784,3130b9fdf0289073
PH001089,W01357,2024-05-23,21.85607,72.59388,97cfbeed29157a90
PH001090,W01358,2025-09-20,29.66675,86.22033,efc20d4f3cfacf1f
PH001091,W01359,2026-05-10,23.43241,73.14319,4c47287b9bf9db90
PH001092,W01360,2024-06-21,27.99513,83.19505,2e68fc78de3fb273
PH001093,W01361,2025-06-16,29.60165,86.30553,af117af170c199fd
PH001094,W01364,2026-06-21,26.69336,75.11561,66c950466d9b09a5
PH001095,W01365,2024-06-23,16.4631,87.47052,a159b4d7d31da60c
PH001096,W01366,2023-11-01,26.42431,84.63017,81ee355d5f49c4fb
PH001097,W01367,2024-12-27,26.46251,84.44805,54e25332cb99014b
PH001098,W01368,2024-09-23,16.99167,79.14017,b8c84c4967e20ad4
PH001099,W01369,2025-12-02,27.34811,82.113,d13b3546ea89e9c1
PH001100,W01370,2026-03-05,23.38802,73.16225,9b3aaea2f0582e05
PH001101,W01371,2024-10-20,27.39139,82.0,846ca2e7ad52c1aa
PH001102,W01372,2025-08-31,21.71409,75.62486,2d853a5d52e910ce
PH001103,W01373,2026-06-03,17.42952,82.97025,19da4f890016b465
PH001104,W01374,2024-09-23,27.92218,83.18733,b0b7d6eae1d686bd
PH001105,W01376,2024-03-21,21.91581,72.68806,a5b782e350ec3540
PH001106,W01377,2024-03-23,22.10829,72.78639,c9d111c5902bc630
PH001107,W01378,2024-04-04,29.43505,86.3565,30cfdb11fc2adb73
PH001108,W01379,2024-01-08,27.46204,82.13762,c3d760870309db24
PH001109,W01380,2025-11-27,27.44766,82.23557,658cd5af7fa06f2c
PH001110,W01381,2026-05-28,24.72372,85.20122,738f13fae3736a2f
PH001111,W01382,2024-02-06,21.5428,75.71016,a85d36c6eeb5112f
PH001112,W01383,2025-01-27,29.64335,86.30266,44c93550d63701c6
PH001113,W01384,2025-07-27,29.67589,86.4191,868f11f930d9a683
PH001114,W01386,2026-04-18,16.34899,87.70916,e34805e89cd388ca
PH001115,W01388,2024-04-16,27.5194,82.08148,0e7bfad268e3748d
PH001116,W01389,2024-03-17,24.69092,85.23236,2bb99b47bf1293cb
PH001117,W01391,2025-09-09,17.00184,79.31047,84cd47773bf11a21
PH001118,W01392,2024-01-17,17.3418,82.87585,e5d8cf25c2abae28
PH001119,W01393,2025-05-17,23.23351,73.00394,35655e3042e472f0
PH001120,W01394,2025-04-19,16.32704,87.53676,bc27f90a4fc7f828
PH001121,W01395,2024-11-08,20.41386,86.84331,8a39b14e8072470b
PH001122,W01396,2023-11-03,26.604770741482866,83.61354775781253,f01a94969cbcc2a2
PH001123,W01397,2024-10-05,22.10409,72.68863,9c5c7ff5231cf0de
PH001124,W01398,2024-03-28,27.97323,83.12924,3ff8d5c8c26d57ee
PH001125,W01399,2025-09-17,26.34539,84.54868,19242008c8497f0f
PH001126,W01400,2024-06-23,23.3105,73.09975,2126e89e90bf33db
PH001127,W01401,2023-10-03,26.2943,77.5363,8b4190496103c57e
PH001128,W01402,2023-12-13,27.81079,83.28904,19d4ee958417ec63
PH001129,W01404,2026-05-06,23.25327,73.08563,81062dc2deaf9b0d
PH001130,W01405,2026-05-08,23.44289,73.08584,7e56e97a470cb3b6
PH001131,W01406,2026-04-21,26.639,79.0725,5f9318e1fea463b0
PH001132,W01407,2023-11-09,23.41323,73.03044,f4b0dd660651aa15
PH001133,W01408,2026-04-27,29.44694,86.35,36ea35fe78aa5bc4
PH001134,W01409,2024-02-12,26.50887,78.91238,2a40aa0beffa2150
PH001135,W01410,2026-05-01,16.30973,87.48635,f7abfc6c58cb98fd
PH001136,W01411,2024-08-02,17.30453,82.91154,2bc4cb3bfc02e93c
PH001137,W01412,2026-04-25,17.34576,82.97616,d805ea1d8d0803a7
PH001138,W01415,2025-04-17,22.07546,72.58214,832238704b1dc7bd
